Date,HDFC Bank,Infosys,Reliance,HUL
2019-01-02,-0.009124229343016155,0.006014668246272059,-0.013024003461882261,-0.009161135337949045
2019-01-03,-0.00784598228279354,0.0001495125052370927,-0.01233735808860148,0.002129503973290925
2019-01-04,0.0026752564491248076,-0.012105007259510692,0.005399184434499826,-0.003746486148276218
2019-01-07,0.001511384771121671,0.016110739072064506,0.005552365202274645,0.0018240281943484593
2019-01-08,-0.008322904756247418,-0.002456275583879952,-9.061595069148609e-05,-0.00789927763082976
2019-01-09,0.0065621479145105965,0.009029154029257969,0.005522082243674564,0.007990494576622043
2019-01-10,-0.003921082044884505,0.0053246619679161444,-0.002925882828255788,0.0006722386491324617
2019-01-11,0.001612478354292124,0.005590799758310672,-0.008532731391027726,-0.009405482772394391
2019-01-14,-0.004853482179375868,0.026919924734714495,-0.001138355101366062,-0.0031084733756198135
2019-01-15,0.009635431482196699,0.03519044928874826,0.02995079505057685,0.014711988494531703
2019-01-16,-0.0008012721728988259,0.014037742526816333,0.005532740748498632,-0.00966573788633307
2019-01-17,0.0057069359049606305,-0.004682200509152801,-0.0012766851102365973,-0.011875606419251783
2019-01-18,-0.0009611866593760565,-0.0032728608801168013,0.04398628796132065,-0.004224957365873139
2019-01-21,0.008402737499435542,0.019221795642987205,0.04504565549763728,0.0016054196101538132
2019-01-22,-0.005725981104957367,0.00046979497889654276,-0.002060380948773477,0.0018889954939818043
2019-01-23,-0.014256574295064217,-0.01838085608304396,-0.007165044416331479,0.00971333178766276
2019-01-24,-0.001496063585055607,0.005978411927493044,0.017247073229559096,-0.0043572330678745
2019-01-25,-0.002973168830853745,-0.002254235586808817,-0.0011625209095142974,-0.0015344382084143682
2019-01-28,-0.005653505556686644,-0.0032859901115216417,-0.013202117438277705,-0.007855269820964517
2019-01-29,-0.012738970999581212,-6.858784987739952e-05,-0.015371589133225005,0.007859915516827298
2019-01-30,-0.011129495001355294,-0.002747797257608209,-0.012348633311913049,-0.013292029917842285
2019-01-31,0.022239131997388917,0.03258028141715452,0.02630261552348001,0.017249917760555622
2019-02-01,0.005048214818484276,0.010006016892634806,0.018579583122647403,0.020445310899190217
2019-02-04,0.006912299976792768,-0.001518949911565981,0.032761384111307246,0.001833983208195944
2019-02-05,0.004346965092657751,-0.0013892557061568889,0.0005034274296489283,0.010457193522693142
2019-02-06,0.00406804675947714,0.011194268919723305,0.01447877385659746,0.004666572305132455
2019-02-07,-0.002543882771388728,0.0009172242013242293,-0.015149826539348155,0.004972721868915286
2019-02-08,0.0025503706152574246,-0.004057643507926478,-0.009841744121919183,-0.01182663119250782
2019-02-11,0.008009082316899452,0.0024969992133707652,-0.0191362103012509,-0.006878197343769488
2019-02-12,-0.004650491612813723,-0.016190165992064243,0.0025135386707566543,-0.005707185962000594
2019-02-14,-0.009156285145170195,-0.013858697352157945,-0.025628798375701423,-0.005266133047044375
2019-02-15,-0.0045255648112494384,0.0025675510207370245,0.016541480417273657,-0.006862370238732818
2019-02-18,-0.005117589977324921,-0.0012130936982805984,-0.019566952193261322,-0.011789370908562913
2019-02-19,-0.002799001523406286,-0.02260303507019712,-0.0032782305353155072,-0.007962888172955318
2019-02-20,0.011659972834159538,0.022642698250416426,0.015006864440565204,-0.002560382886431678
2019-02-21,0.0035808664275536195,-0.009788030470877618,0.010167325478972478,0.01222976015103816
2019-02-22,-0.011555205390247902,0.0020451520477937635,-0.011668931838062169,0.007893015984375085
2019-02-25,0.016232799605665926,0.02714453001385353,-4.050480625328312e-05,0.0009044207636945689
2019-02-26,-0.006940113016545735,-0.016426031624439563,-0.009778502467704175,0.0011865406237181464
2019-02-27,-0.00871744361932969,-0.009764203047409326,0.002663326349856332,-0.020172153987643604
2019-02-28,-0.007025951597624869,-0.0012921562295835631,0.006170835235633776,-0.002216894257095814
2019-03-01,0.002791728648554148,0.010349914067855792,-0.004061702664592048,0.0011540098373119534
2019-03-05,0.011400016893987175,-0.012669940506383814,0.009461485835775552,-0.005793585121193434
2019-03-06,-0.00135271298144235,0.0,0.0219368005518934,-0.014380060043161724
2019-03-07,0.010573728476643174,-0.013037827156313964,0.00430883686043515,0.0032942754678852992
2019-03-08,0.0007996011313704532,-0.014662116668570202,-0.002479790639843271,-0.0022280758294360714
2019-03-11,0.00011745428393084012,-0.0015439652446195273,0.02920050702866739,0.00784564063773252
2019-03-12,0.019991077750508124,-0.0060458526754029185,0.020895571941751623,0.011574613031530179
2019-03-13,0.025587394717578205,0.0021221311121160102,0.011980414648103288,0.007378438346694605
2019-03-14,-0.000808648528049627,-0.0001413721641153609,-0.004267695086444867,-0.00589366996539209
2019-03-15,0.01269812274729265,0.014399486275177287,-0.014833671475274923,-0.02239110845100678
2019-03-18,0.0037505406670776953,-0.011620297620331677,0.021488539702843035,-0.0005004586045811443
2019-03-19,0.002785890910807387,0.01696682320240539,0.019628540851742926,0.001236960053873526
2019-03-20,0.01377994730099985,0.02312215306555787,-0.0007989603898558295,-0.00711913756157545
2019-03-22,-0.009939096084288557,0.005615915282856987,-0.02450106000031882,-0.005629598287827942
2019-03-25,0.0022627980080134336,-0.010563597796664825,-0.012893656392581776,-0.002502751651814461
2019-03-26,0.013172363899858208,-0.01020062527023391,0.03231521136192139,0.0059444318567796195
2019-03-27,-0.00514877052211693,0.002679450040498521,-0.013164906599023252,-0.0017817270329198998
2019-03-28,0.0014572021420100612,0.011100516269594962,0.007967202013777985,0.001844338398160339
2019-04-01,0.0039082159051766485,0.02344810297239386,0.023419159582072302,0.0036223182656391906
2019-04-02,-0.007331895155510915,0.005694561980494006,-0.0015446904140031803,-0.0016861616934639168
2019-04-03,-0.0009151529547822834,-0.00803265621100857,-0.010434059577271615,-0.009690943583556821
2019-04-04,-0.003838335154828232,-0.007168499911462178,-0.016106494396673,-0.002543628900089745
2019-04-05,0.009479346302724068,0.015242612596831906,0.0006280732967549607,-0.004470494973594752
2019-04-08,-0.00702647506122811,0.010470220186425072,-0.018206766834590882,0.0034961724310944575
2019-04-09,-0.0009391454088404361,-0.008667264252733675,0.003911951779807854,0.0093699238638707
2019-04-10,-0.02181646448415764,-0.01038658205499754,-0.002285470779287868,0.008122390482479647
2019-04-11,0.009006201167152117,-0.013285523717459613,0.011566937026191493,0.00959193969121741
2019-04-12,0.0034331222380432624,0.00679972941152629,-0.0027474544197465534,0.006577445531665171
2019-04-15,0.0103959399342064,-0.027081395169218814,-0.0021963190788704123,0.00023216427825567543
2019-04-16,0.00709998592701977,-0.0046735170610261445,0.0026861830878603943,0.009581513711161227
2019-04-18,-0.004945842196854899,-0.00973640580312718,0.03140490474086377,0.0007767425448927945
2019-04-22,-0.010877909907717975,0.005578648509809048,-0.029294172027746868,-2.8904731434575837e-05
2019-04-23,-0.010314328575155574,0.00991607810827344,0.013751259902676116,0.0025001727187035083
2019-04-24,0.015343350089121799,0.011329483294308051,0.01880693443339121,0.0048161414247256396
2019-04-25,-0.007149728665907906,-0.01072738346414126,-0.01230667398373908,-0.01049868766404205
2019-04-26,0.007731331135666375,0.012970942188677004,0.014864445727602149,0.007582634511375863
2019-04-30,0.01600202773751236,0.018089423423736317,0.0,0.005923374481913379
2019-05-02,0.016548361736588246,-0.027350949198919117,0.00879522565541957,-0.01942881766260729
2019-05-03,0.005157617291404737,-0.009852003765575046,0.002704506332890322,-0.01740603322470058
2019-05-06,-0.016681184270460836,-0.007186316955918204,-0.016999539404953468,-0.01455502899869865
2019-05-07,-0.0026195962458203104,0.008560693917434525,-0.029893871975291586,0.01713696650169716
2019-05-08,-0.00650224753528883,-0.007176791868407584,-0.03278759022876254,-0.005184348957082752
2019-05-09,-0.007086157250504543,0.0023632849546917356,-0.03309078866121429,0.00891240541839422
2019-05-10,0.0024445388190781348,-0.005824883302869344,-0.004218288674404658,-0.009567166737785682
2019-05-13,-0.0040498752061296495,0.00397576142146483,-0.01526590689070828,0.008622611642932876
2019-05-14,0.0003058017771393473,-0.00812836399564043,0.023050830461119665,-0.0020566158291148717
2019-05-15,-0.0005242198461850034,0.0031516969326725874,-0.002816432695080473,-0.01616121305612761
2019-05-16,0.010473602970727525,0.023740006608061304,0.006723018378758772,0.01026294921382953
2019-05-17,0.02226656409764982,-0.012549397190616762,0.0016201107760414057,0.028788277698060583
2019-05-20,0.02974060325111494,-0.002072441144606807,0.04615749504972033,0.020554771277685013
2019-05-21,-0.011778811631352415,-0.01813407363883035,0.010483324479712897,0.007193286795704523
2019-05-22,0.0008528244616174963,0.0006344671022662229,0.0004477970157019673,-0.00949445753563416
2019-05-23,-0.030614122175092184,-0.012257641352407034,-0.004849083003088173,-0.00817164501841483
2019-05-24,0.01768790803389142,0.01162517042220923,0.0022114667959522993,-0.0024231804148412417
2019-05-27,0.014746985934378953,-0.0015510332060437726,-0.019598325456987697,0.01277415738597698
2019-05-28,0.003259557264591928,0.028244641380592794,0.009994891140041595,0.002793748241724181
2019-05-29,0.0002896938223913015,-0.00041195414157202404,-0.008082867832673535,0.002222784823512347
2019-05-30,0.009371597848687019,0.007900594687134,0.01271834951927353,0.0019091536734490155
2019-05-31,-0.005820738161448236,0.005725625304701776,0.000300925839512578,0.002382049558431909
2019-06-03,0.013090757515770601,0.009352624373207163,0.022591363434971257,0.028627212472356778
2019-06-04,-0.001953452028799485,-0.012556100303494744,-0.006285835298058151,-0.013099918846006142
2019-06-06,-0.011805393481868598,0.0004078188935481286,-0.017977953347115716,0.01219991332467596
2019-06-07,0.010027264713049933,0.004758210011823305,-0.00937964099525379,-0.003809097356847646
2019-06-10,-0.0030434548394245864,0.019483131779638008,0.0032321093034117787,0.01188047558126959
2019-06-11,0.0033602726160846252,0.0018579114132488694,0.007580671243027526,-0.0068557209418326215
2019-06-12,-0.008719946704062176,-0.0014570381060873272,0.002257028861564647,0.003968038810016505
2019-06-13,0.007272243886304874,-0.0008746087640800759,-0.0036781994202035317,-0.0008664080731908275
2019-06-14,-0.003926720669434003,-0.0029623412895400936,-0.007308443601862669,-0.012218914361066813
2019-06-17,-0.005379752844748564,0.00013506547946651182,-0.0267542080952623,-0.002687697534817013
2019-06-18,-0.001961251295127364,0.012963641929339742,-0.001013500144524615,-0.004647940595487565
2019-06-19,0.004591986760106748,0.002332542692917272,-0.002849506099602883,0.0011604442656156788
2019-06-20,0.00538676434840113,0.003989869839120974,0.015187467365404661,0.003530223097806484
2019-06-21,-0.005007563620290534,-0.006225883947031274,-0.013302284956512755,-0.02127363200714949
2019-06-24,0.001553295831608903,-0.006264888415245751,-0.01336469252413286,-0.001245271512748669
2019-06-25,0.004445984229392241,0.003487519368536418,0.026497142915814065,-0.0045340614740745355
2019-06-26,0.016140113306140735,-0.011896822046259636,-0.0013118071260452835,0.0025905993232673286
2019-06-27,-0.002269030825683971,-0.011701875544754103,-0.015454117807508383,0.00760940372712704
2019-06-28,-0.007533497765322528,0.001984838261783306,-0.01652079920764926,0.007438916727609435
2019-07-01,0.01710477125061649,-0.0009562719888098759,0.012568975143749439,-0.0041395513621361735
2019-07-02,0.0038020897494763783,0.01189651404355363,0.00760515444770915,0.005055594121114115
2019-07-03,-0.002144500947001138,-0.011756650881239894,0.0031677437383648144,-0.0025150434944207767
2019-07-04,-0.0023497284474620628,0.0034183825986038308,0.0011305982946414606,0.004986738998887574
2019-07-05,-0.004589680297699572,-0.021531639745065556,-0.01608262904667268,-0.0012266369971277724
2019-07-08,-0.02540036720197658,-0.000556949806357121,-0.008944307963258735,-0.021128677567655685
2019-07-09,-0.01263710191919254,-0.002926588703490496,0.022403106580558774,-0.0075845507899250375
2019-07-10,0.004035041515993321,0.0024458111363434565,-0.0009764634078820444,-0.012440705433896748
2019-07-11,0.007702904400282318,0.005925495788234425,0.0021111793632324627,0.007157013636310383
2019-07-12,-0.005504604370606514,0.007276516698885738,-0.0008191291236071541,-0.01022601897626807
2019-07-15,0.0003553073973925347,0.07237692432525078,-0.0034362063076299743,0.0021889655606435188
2019-07-16,-0.001482462064750889,0.007057154769566587,0.013243295635612329,0.014182139204908628
2019-07-17,0.0026136175194408917,0.011849462522641074,-0.008623390672592879,0.011140971371830677
2019-07-18,0.006027228667640383,-0.0018257887385143556,-0.015602410105126863,-0.012239339182729014
2019-07-19,-0.015029514093980234,-0.009209140228105261,-0.01018342068302025,-0.010780966193458696
2019-07-22,-0.03300151273053664,-0.0012732605828031929,0.025220361452287454,-0.02307623063170461
2019-07-23,-0.014691578251269877,0.007203014080585657,-0.005427719922587948,0.007526525945820817
2019-07-24,0.007687352014036142,-0.004746647658001812,-0.011346145517540096,0.02084634999928303
2019-07-25,0.0022579528017403483,0.01042871238255505,-0.02192043176767322,0.004628040387573584
2019-07-26,-0.0038275287076140474,-0.009439938247232438,-0.014372782944709672,-0.0034550994647333244
2019-07-29,-0.014490830065742366,0.005654485713039836,-0.002347920514688573,-0.01002514608842231
2019-07-30,0.003542205223714179,0.001579386036541397,-0.0248153755146171,0.003852383350453348
2019-07-31,-0.00026642122489872744,0.0011984999145318032,-0.0124055269879354,0.003924533033048183
2019-08-01,-0.011061001761181188,-0.031248226368562948,0.012004123036556402,0.002693065525090965
2019-08-02,-0.0033530207731147232,0.008779439939398337,0.009497307805139465,0.003552296402946409
2019-08-05,-0.015851217228176395,0.001418387708809865,-0.0346182307285644,0.0021582555465518016
2019-08-06,0.004520010878757974,-0.0028969018004216807,-0.013163037830127178,0.0016654869369054914
2019-08-07,-0.002329820887463696,0.0021305034407905765,-0.01675083376970332,0.019007094608251895
2019-08-08,0.022504471819066785,0.016299292153088007,0.038714451254415305,0.01454493981196614
2019-08-09,0.021874880834839683,0.0013947405490046805,0.00846096203254354,0.021213485498422724
2019-08-13,-0.027015579145487578,-0.03177832603194364,0.09693662657505908,-0.00901525317844698
2019-08-14,0.004098307938944945,0.013141754728370092,0.010590424242763019,0.007836769083152895
2019-08-16,-0.0007849599833770204,-0.00032264623784239443,-0.007956643305602196,-0.005654987578808113
2019-08-19,-0.009359406306842954,0.004002218458171614,0.01142407607113105,-0.004238056695954007
2019-08-20,0.006230720450946636,0.019417283073352776,-0.012880865776738304,0.01235636868331813
2019-08-21,0.002364146809788137,0.008451725151158662,-0.003918487047411379,0.0035802735366485816
2019-08-22,-0.02324956812703982,-0.004690744344184594,-0.019041090764028157,0.011946019323258783
2019-08-23,-0.005243525722688602,0.008168923478343304,0.02334069744495193,-0.006463575071998462
2019-08-26,0.0432098522376374,0.00043620305847769103,-0.007093300330245689,0.008898016622994165
2019-08-27,0.0016842002574728454,-0.022303770403424572,0.00635465994329909,-0.008073358013582332
2019-08-28,-0.005508678896761654,0.022748988794917713,-0.009059959090090497,-0.017889574239496553
2019-08-29,-0.009143695605439484,0.005545179537766565,-0.017058459035969586,0.0026527901794088926
2019-08-30,0.000449220177068943,0.009851864613968031,0.005475947346397003,0.02670572336488486
2019-09-03,-0.007630373829632386,-0.0007975822751880024,-0.033758968831642755,-0.021281758526013106
2019-09-04,0.01664424853432811,0.008658216104799887,-0.004351741412349286,0.0025789923943966286
2019-09-05,-0.0056053722794372485,0.015524215609373782,-0.0021230751394005765,-0.009124818767184517
2019-09-06,0.0048092309099030395,0.00731368035217872,0.019940015737663908,-0.005793032348141547
2019-09-09,0.0016477872296489782,-0.013152446703015186,-0.000245319119474785,0.008190332965511526
2019-09-11,0.000755449315885004,-0.010855083072254912,0.009981936359057642,-0.005315817922073474
2019-09-12,0.008684018642695746,-0.004511702892989633,-0.01948319163598089,-0.010360243373421896
2019-09-13,-0.005900964367253625,0.015801096976123974,0.012599610978135445,8.312051114089947e-05
2019-09-16,-0.0058916541515443566,-0.0019292503073128353,-0.01211649668051984,0.005953714536075294
2019-09-17,-0.014615723838582895,0.004288989713917557,-0.010985059892882232,0.008203488629396682
2019-09-18,-0.010672261220744605,-0.0016842774866828725,0.00688969482967261,-0.0010921596198025796
2019-09-19,0.006559382846964779,-0.011026177131474357,-0.022103295133728218,-0.008993021958487502
2019-09-20,0.08950536711177826,-0.01912998788130571,0.06386482858164544,0.08660871720838914
2019-09-23,0.048057639943004826,-0.05049685815786309,-0.012077766356282993,0.03553767841977695
2019-09-24,-0.0027439898047331157,0.03885657570490153,0.03187527078533581,0.0052457095490623384
2019-09-25,-0.011245964980950873,-0.0017629057424733974,0.0006647006135269695,0.0005120396551767659
2019-09-26,0.0022585639329364415,-0.012742406975524978,0.013481320672597441,-0.008335342041487115
2019-09-27,0.0013683013388201548,-0.0004469684598960022,0.009446294835337765,-0.011551303096866916
2019-09-30,-0.013462673840441641,0.029979442469398876,0.01772285579422772,-0.014396575763710895
2019-10-01,0.0173941183954478,-0.015018946295040525,-0.020529240777773183,0.004213047470199127
2019-10-03,-0.02021933858939129,-0.010018224466047054,0.004713156576481525,-0.0141938152634411
2019-10-04,-0.02766554392963383,0.009992395494166528,-0.0022501761364236428,-0.009097701398940283
2019-10-07,-0.002353375178945072,-0.004915604102628146,0.0015289978337100774,-0.0021343377629902127
2019-10-09,0.03475418253882134,-0.007472371935733246,0.011182454919378415,0.00409771967256134
2019-10-10,-0.022472798250656623,-0.0007656248417645672,0.028684588205605266,0.010651856073721211
2019-10-11,-0.0014575802356615597,0.04054661610890875,-0.007448137573340063,0.018234858201272353
2019-10-14,0.004671349345131359,-0.03522355108782549,0.003992231180545591,0.004788913445723297
2019-10-15,0.015484913532884947,-0.02264327949812639,0.00452866204622282,0.02489751369452131
2019-10-16,-0.0015945478161892845,0.004099908967425847,0.006011195255831936,0.003197128245800096
2019-10-17,-0.0009005784558974161,-0.0025277028594180573,0.017597332709031743,0.015862036716167704
2019-10-18,0.007376924367195947,-0.0021442087837120205,0.014214239758864045,0.0014260607516745072
2019-10-22,0.00838089589379698,-0.16188049274059158,-0.0015532359275373109,0.009729981853904501
2019-10-23,0.0018557869102062696,0.023680312695680383,-0.015380408823465586,0.007985403263412794
2019-10-24,-0.004429916407393986,-0.023440046276208548,0.03163606398679808,4.688944805097961e-05
2019-10-25,-0.005743722079864844,0.0033052542440443755,-0.0036548027277717443,0.0055079405124258685
2019-10-27,0.007078899449503018,0.017883812424942525,0.002131089591860702,-0.0024943135389461357
2019-10-29,0.003878004336649754,0.002774129863367003,0.022869000815091356,0.009557308968934253
2019-10-30,0.0047083399848713015,0.015292238912708589,0.00821393164652262,0.004258873938518981
2019-10-31,-0.014418897231892491,0.03784459704698273,-0.009972503195234017,0.0027428343107662734
2019-11-01,0.007883800328453594,0.0033545030859163383,-0.005087397732082666,0.0018387145421236983
2019-11-04,-0.0025804721698849953,0.030673180093321317,0.0005148127683727299,-0.009727783486624841
2019-11-05,0.002142381174161656,-0.018194582607603538,-0.0071006101887061135,0.006486949748855331
2019-11-06,0.013836412442793433,0.023272443105081697,-0.008567707734026153,0.0033608764752719456
2019-11-07,0.0056100736121473815,0.010950305765611068,0.016517012781078755,-0.018903741646380534
2019-11-08,-0.006409600488002987,-0.016594766425664487,-0.008981244203125294,-0.024248846045205497
2019-11-11,0.007287236656612794,-0.005295368944998602,-0.012245001297182201,-0.0024205322986508016
2019-11-13,-0.0056927499865856435,-0.018526653441388263,0.031166958070908635,0.004636514189994001
2019-11-14,0.013001592578150367,0.020177956323781165,-0.006486454682468223,-0.010497485203200374
2019-11-15,0.0031397506834331956,-0.0019849648073106962,0.0055374980778757354,-0.005485667642963432
2019-11-18,-0.012403026706766851,0.0018469506293550264,-0.007920690955319443,-0.0007288338750843781
2019-11-19,0.0078047387953184,0.010847745970826272,0.0346422082671185,-0.0089727215990133
2019-11-20,0.0011400395635341454,0.00021072773142338797,0.025103582191153384,-0.005520906746084409
2019-11-21,0.007853282210005919,0.00035032465589401873,-0.006493734806186535,0.010930119021565377
2019-11-22,-0.014493407554007964,-0.02811057591640087,0.00578835427655644,-0.009908899645064029
2019-11-25,0.005020790651778739,0.007068749538070573,0.009731713806552689,0.016786749182090333
2019-11-26,0.003107707758385425,-0.010743411876839248,-0.0008326455332464677,-0.0019634333206161037
2019-11-27,0.0026271823831129915,0.007457259229470825,0.006152884135338432,0.016955248491611563
2019-11-28,-0.01024713034337088,0.008767384416278556,0.006656767793959961,-0.002914195768477179
2019-11-29,0.007626482221009923,-0.007836304582018783,-0.01844597770377754,-0.024842473137577814
2019-12-02,-0.00721589228783337,-0.0052416000693641385,0.022789541780900313,0.003881530580328807
2019-12-03,-0.00817699876758149,0.008156462611402793,-0.004790304725965755,-0.007219240818595152
2019-12-04,-0.0029870109947426338,0.015035496161709183,-0.016593885173974532,0.009637973227014873
2019-12-05,-0.004833750023289007,0.00846438646251002,-0.0011915570529222874,-0.00515132131291729
2019-12-06,0.00036128668545498677,0.000349621066191963,0.0026114192741604203,-0.005595127822328627
2019-12-09,-0.0024878247777339046,0.0030064615684686213,0.011383378331824678,-0.008835012061734981
2019-12-10,0.0052697993498362905,-0.0037642652296929757,-0.006772119208403482,0.008565159887220286
2019-12-11,-0.0006001601056047079,0.009096707164859108,0.0002880956726853956,-0.007356778702776512
2019-12-12,0.011891858886911466,-0.026280932530778456,0.0037121441611018824,-0.0015420188949240021
2019-12-13,0.00019771736494478276,0.013103398449463066,0.00937390990757292,-0.0005728788662014983
2019-12-16,-0.005143056050240791,0.0037957523078031574,-0.010297561602876204,-0.015676371284568558
2019-12-17,0.010935805037482593,0.021988929510879718,-0.0024894472128786926,-0.00678562946102701
2019-12-18,0.016717740319642793,0.003768560238735841,0.008414881792742301,-0.016723292034107717
2019-12-19,-0.002746811327738019,-0.0021844425247787846,0.02163916802137611,0.01169293372487612
2019-12-20,0.00612964784614034,0.0009578851262692645,-0.00673939447188987,-0.0041003749060076755
2019-12-23,0.0043958550912617245,0.006082954593250145,-0.017322165797872602,0.003756840938793138
2019-12-24,-0.010173577909078135,-0.0035324986026087357,-0.015877670698109303,-0.0020507137092415917
2019-12-26,-0.014505740996233363,-0.006067708750771561,-0.02007811079096744,-0.0007449901933461733
2019-12-27,0.0035813848832766393,0.010974653567698223,0.017784069437638106,0.0025450707443928078
2019-12-30,0.005608041679818987,-0.005495605996688968,0.0011994641202752732,-0.006487472848723419
2019-12-31,-0.007838515924817768,-0.0023875687603068796,-0.019524726651519053,-0.007355899709669322
2020-01-01,0.005109804251530958,0.007795613065718632,-0.002939148597472241,0.0070462264645008155
2020-01-02,0.006374046744034079,-0.002917619714738029,0.017024421646347765,0.0007745704136088438
2020-01-03,-0.014260646104552244,0.015380375733391238,0.0012048827390904737,-0.005469408574121926
2020-01-06,-0.0216415058481344,-0.009584807810648965,-0.023192207006125787,-0.006225889695758546
2020-01-07,0.01583455911424103,-0.014820088783616181,0.01538473475956681,0.0027409313025283932
2020-01-08,-0.0026177017455814022,-0.013325864109983043,-0.0075103656585567835,0.00450360616025236
2020-01-09,0.011214554392193543,0.013018614346069768,0.02303150082399652,0.002954450564214506
2020-01-10,0.008887726555777187,0.014569397442884657,-0.0002261428782037722,0.009792877371403996
2020-01-13,0.0025727026737458747,0.04795767489141478,-0.002552255116400004,0.02090583915067601
2020-01-14,0.0027216622555281678,0.002714654169832409,-0.009263323102511323,0.006993213171749835
2020-01-15,-0.004071310776553316,-0.010442728579995841,-0.0036288611823253047,0.006396774032483066
2020-01-16,0.0026473310473651424,-0.00071675248440628,0.009220012853545567,0.013652107510177869
2020-01-17,-0.007377714181412864,0.0011083050785236637,0.028025164573555195,0.0053922361521747675
2020-01-20,-0.018190389007292973,0.0007813056716914346,-0.030771590245370795,0.0012377850853255712
2020-01-21,-0.00840690563296187,-0.0077426467331610516,0.00101148810043461,-0.0036115868199142476
2020-01-22,-0.0028129700259398316,0.010098232806879492,-0.00035859569885321463,-0.0018001558754136004
2020-01-23,0.003223695518774994,0.018371700123306578,-0.004239079355847997,0.002534500527605177
2020-01-24,-0.0002407924006423423,-0.002039622052343648,-0.003471089797055349,0.008167573043253995
2020-01-27,-0.025190024961911806,-0.0059406674930212455,-0.009858410786634297,-0.0059554632689070575
2020-01-28,0.008242645870966792,-0.00012851777779521179,-0.0230992784409616,-0.0003639040302255703
2020-01-29,0.010341762930095477,0.015038605994249998,0.005503822277306725,0.006600007655561235
2020-01-30,-0.00792959891719347,-0.011396696281352314,-0.02439438027576235,-0.007761946789413887
2020-01-31,0.0002037727994192995,-0.006084449447815055,-0.02223385953458068,-0.011588326736536647
2020-02-03,-0.027317940136761698,-0.011018623679276529,-0.018524463014575443,0.07113181810314884
2020-02-04,0.03101937984964409,0.026648526696376296,0.029520113040975682,-0.010716204578489208
2020-02-05,0.012075102342750998,-0.0041887849143319444,0.01549345472310426,0.0021805110400241468
2020-02-06,-0.00389655883089135,-0.016825156068286273,0.006420433652269963,-0.001805474551064945
2020-02-07,0.0019357705437201833,0.007714008365983904,-0.016566043029533017,0.0016462307460645142
2020-02-10,-0.0015295725444312014,-0.005274465262059547,0.0013601057260872462,-0.0003009191269264244
2020-02-11,0.00024188698892002591,0.0004524750129801802,0.011946391091520958,-0.003079614318279078
2020-02-12,0.006770775417257013,0.009695622321123532,0.01208057870538548,0.050031316007678184
2020-02-13,-0.006084561432326385,0.014339717236165894,0.002618377961138618,0.010197533094243205
2020-02-14,-0.01776240922898098,-0.007320897285312267,0.009123885850961466,-0.01241583979364147
2020-02-17,-0.0018041715342517195,0.0038144127370269842,-0.006285218100219203,-0.001086228576259285
2020-02-18,-0.0032044468521538194,0.01038722158207972,-0.007340005025558982,-0.00807984822546537
2020-02-19,0.011498305321941293,0.0035101177675351813,0.024805923643170136,0.025846260433320722
2020-02-20,-0.008230066511594303,-0.00430997124630883,-0.011869815665892625,-0.019152414766925974
2020-02-24,-0.00587482694028707,-0.0014430882908895715,-0.02759179994330807,-0.014722577637715784
2020-02-25,-0.007975470485410363,0.0032042938138920896,-0.019758444450789447,0.008328937879766185
2020-02-26,-0.00087470843961579,-0.019601730160040187,-0.01722695536544705,0.001164109005422409
2020-02-27,0.00016670497458126654,-0.006260145943986495,-0.004130523275106768,0.008384727420383653
2020-02-28,-0.01817491318259279,-0.05933002239241947,-0.04155100633143316,-0.03556620758823792
2020-03-02,0.0016556860517544791,0.012778419295558896,-0.009408018810260543,-0.007035364881745054
2020-03-03,0.0018651905073199249,0.008029023957025094,0.020286418675148354,0.003334068690535652
2020-03-04,-0.027881206558249327,0.01572973040188108,-0.0023458124868838137,0.004246259227578708
2020-03-05,0.0021760271641901863,-0.005469600096943195,-0.021310613307687243,0.019371906179663112
2020-03-06,-0.014287560902174867,-0.020739591136000324,-0.030622138818257927,-0.013120012364055245
2020-03-09,-0.024319292193863973,-0.04668782399117255,-0.12340675748031749,-0.03079171737222197
2020-03-11,0.005870180453476426,-0.026190461228815187,0.035363393106321084,0.015790718513745805
2020-03-12,-0.08304912396468689,-0.07988343731497494,-0.07849684575347116,-0.04596280371582895
2020-03-13,0.047488583303402,0.017664823629989668,0.03979301976834004,-0.011065334931627757
2020-03-16,-0.06571332491284998,-0.09216168761125088,-0.08106399131540953,-0.044904713622051506
2020-03-17,-0.02441212709065188,-0.04835802637747866,-0.007580925483820056,0.032004740870500425
2020-03-18,-0.10070758186768547,-0.037210571061921605,-0.0391865507335295,-0.04004396102748686
2020-03-19,0.021268062401236465,0.0210556553645056,-0.05245223316651304,-0.044443262215147716
2020-03-20,-0.014181329228247663,0.07267891052101216,0.10924041910517501,0.11608549968473292
2020-03-23,-0.12606894824211134,-0.10039307636008665,-0.13153870825881564,-0.08870691985954027
2020-03-24,-0.004989851006596102,0.12033434677270827,0.06713415139931445,0.0845857892592583
2020-03-25,0.11599562618096737,0.027806254590912127,0.1471803953193518,0.029735785835693918
2020-03-26,0.05176550535725766,0.0607057706416303,-0.014830277848051021,0.05112187802656121
2020-03-27,0.0037175902135346828,0.015085488876108277,-0.0005627564382422179,-0.02476186698472449
2020-03-30,-0.08049074975431592,-0.039834298284878944,-0.03298612730138928,0.020461989985854245
2020-03-31,0.03637343043059715,0.02361545422596567,0.08083848922588222,0.052258083943140354
2020-04-01,-0.03741736362361625,-0.06032728661883735,-0.02989894944814142,-0.05170762892591263
2020-04-03,-0.019044227748448272,-0.028367468798944473,-0.0027766078369683145,-0.011721995805800689
2020-04-07,0.10106291231325559,0.0910022305242646,0.11940230153523457,0.13499845996016813
2020-04-08,-0.008034785067397632,-0.011580670105522106,-0.01156631544734299,0.006523780749795538
2020-04-09,0.040668231002290334,0.007362230906364342,0.023319159641044473,-0.03600396602263156
2020-04-13,-0.03210649883212835,0.0018074598465500635,-0.025246874041123357,-0.010875686568628917
2020-04-15,-0.03579588661238797,0.002588633103353999,-0.03304881391457182,0.06013334688777783
2020-04-16,0.01905469298213669,-0.023785117129111244,0.015828301025597735,-0.020683054035924187
2020-04-17,0.03472582467113705,0.007854309371918111,0.047900171608065145,-0.02097591459643755
2020-04-20,0.0379544856462386,0.039045830297374184,0.01617648590354004,-0.020314635800049774
2020-04-21,-0.02455402453891109,-0.030767106573904357,-0.005185581579460141,-0.00819574281592006
2020-04-22,0.007540756031545914,0.013660728417081769,0.10203253761685627,0.029666751344690656
2020-04-23,0.028376048600314396,0.05834701381162999,0.005353413979991561,-0.02877035926462279
2020-04-24,-0.017697262369412048,-0.03135560347889699,0.03362756402027012,-0.014843397711388873
2020-04-27,-0.008901556838458169,0.010030361950179145,0.008997961696295853,0.01635940471067987
2020-04-28,0.0018285992414057706,-0.005868172170612196,-0.0011190650510126687,-0.013144068532215725
2020-04-29,0.04906586948644831,0.023989628837508103,-0.0008403590394646665,-0.02541562634193395
2020-04-30,0.025278885224699454,0.05757131721722741,0.027366146043455775,-0.016466410746565296
2020-05-04,-0.07865845333629062,-0.0584205070783661,-0.02100958739836145,-0.0511848721910676
2020-05-05,-0.012513352922824628,0.0,0.017732663915521085,-0.01975839414126168
2020-05-06,0.038345354122413466,-0.011577708513579199,6.850301671335046e-05,-0.015331912360080913
2020-05-07,-0.0226119954534173,-0.001426853773806469,0.03162755302872844,-0.009028836924753758
2020-05-08,0.004378347521694748,0.013910885470324263,0.036398097333735,0.04889422028622259
2020-05-11,-0.014261884798237423,0.012904248702923171,0.009604345142089743,-0.019837773413751036
2020-05-12,-0.015560168126865226,0.006955501220831106,-0.06186600638985407,-0.0177976785404923
2020-05-13,0.028950180671610815,0.009452453168566466,0.021216968163196848,-0.007854717307785197
2020-05-14,-0.03659786622016159,-0.05186193137215034,-0.040429117094137546,0.005160988319109272
2020-05-15,-0.006210102076821156,-0.008888522820193256,0.016330568028226633,0.012985709019576408
2020-05-18,-0.05798564563940867,0.017783282452913607,-0.012779171645374454,-0.013212895111946676
2020-05-19,-0.00717144125957303,0.00707935620990896,-0.022106571939069952,-0.014811158629174148
2020-05-20,0.03184248354117081,0.001420874823001128,0.017602439240171908,0.007744621322568923
2020-05-21,0.0028584163360088066,0.003957652521902055,0.005266031473639243,-0.010020766325103514
2020-05-22,-0.024082300767136244,0.0299764308194026,-0.006730164747627332,0.008625329238193258
2020-05-26,0.01615300681802223,-0.017043242709536277,-0.00523913084510419,-0.005080527493438236
2020-05-27,0.0601244147382336,0.036587928932904745,0.01509784014453186,0.01026379293987767
2020-05-28,0.0460355203045244,0.002764286837758423,0.01847041437709307,0.005930693699524037
2020-05-29,0.006770721913506694,-0.009886946098201621,-0.0053319634673717475,0.023582843878424686
2020-06-01,0.03782894759484545,0.012373147035209753,0.03820679945732519,0.024886243799133734
2020-06-02,0.013516964154132172,0.012222537439177561,0.010096310135784492,-0.0005454481677329426
2020-06-03,0.02122882215518307,-0.009250212957416126,0.00387446386937107,0.006216115095130537
2020-06-04,-0.020102841883967604,0.008837445017270129,0.024746277335335742,4.73644453384825e-05
2020-06-05,0.031596290475042865,-0.005934196705020156,0.0012026642713653946,-0.015561765266491556
2020-06-08,-0.016886807134383175,0.024589492476839947,-0.007713198238405772,0.011544391678619759
2020-06-09,-0.028152213042394125,-0.004508489793972559,-0.020611735662410258,-0.0024624873914325107
2020-06-10,0.00460843129487043,-0.002438750390844624,0.022769589914714228,0.006218965178031777
2020-06-11,-0.023441157139370117,-0.016623524486429342,-0.021912810125454096,-0.005991827453293075
2020-06-12,0.014608892233340498,-0.01690494429295153,0.033231434338725,0.0001661979315028539
2020-06-15,-0.03347758296242209,-0.006502184395460908,0.01620736664454947,-0.010891019990431294
2020-06-16,0.042691112450227386,0.019853098442453643,0.0019508144484228218,-0.003814110808901705
2020-06-17,-0.011258256069883954,0.0034940437586072903,-0.0014525611945750416,0.000914984818494613
2020-06-18,0.04156258405514701,0.01456688871553502,0.02510292244432999,-0.006207042593392109
2020-06-19,0.013137714151284952,-0.011696352148150457,0.06250363352219312,0.020181705318387255
2020-06-22,-0.004451366721911931,-0.002621956385964075,-0.0075309498702241795,0.0038466634983538306
2020-06-23,0.013171211034697983,0.024086948276409448,-0.014460335747406905,0.02625171389440939
2020-06-24,-0.009402212334793103,-0.009019580922149273,0.004038446031467746,-0.011897199944375547
2020-06-25,-0.0036319212423713276,-0.019113726366113304,-0.00575857700281468,0.02011453647124073
2020-06-26,0.026925678261366937,0.06809426389307216,0.013825072007888739,-0.008720069394324015
2020-06-29,0.01855280943464077,-0.021986158656341903,-0.01062204558789337,0.01334610646911183
2020-06-30,-0.009479262697497881,0.005739762036402807,-0.011055451161960161,-0.0013513686356063648
2020-07-01,0.017591649099949036,-0.005503200942616471,0.019658576412911355,-0.00440390648446054
2020-07-02,0.004425778492806121,0.03374785359382293,0.017215361984187938,-0.00859304667821037
2020-07-03,-0.014182223978265851,0.008062337438184297,0.015650337319434104,0.01020138144520688
2020-07-06,0.027049720227994456,0.0017044795859986195,0.035740296407038574,-0.005566589662436172
2020-07-07,0.001949230914320088,0.03946336998722644,-0.015309476059171878,-0.0034465586832310713
2020-07-08,0.004705398969063301,-0.0244915724631678,-0.01395703397861936,0.01480865805659648
2020-07-09,0.013148762961454397,0.009035722863836027,0.01459961451271563,-0.004666011315807461
2020-07-10,-0.01764518452939534,0.0001918763492021469,0.029491592818213563,0.022037426336972477
2020-07-13,-0.022486537738610424,0.01944108305553227,0.030323903128027796,0.018639462980044375
2020-07-14,-0.019810279886739113,-0.017314008137866765,-0.009302193935420977,-0.01346452057483738
2020-07-15,-0.005383112227635989,0.06090032867958328,-0.03808044436026392,0.018078095835929897
2020-07-16,0.008925558108617615,0.09633533096751146,-0.000325313886466172,0.005582221722339131
2020-07-17,0.03378672709560471,-0.008616604406207817,0.03705104857271224,0.020412027309244074
2020-07-20,0.031498759196893156,0.03449027575415031,0.0042892640151785955,-0.0015419982020857814
2020-07-21,0.004853970415986897,0.0026222322690891975,0.026902528905617284,-0.005555696400083687
2020-07-22,-0.010715292552732403,-0.02012271317171821,0.016459190586415318,-0.029982812836029438
2020-07-23,0.003595834484837912,-0.010840050695424153,0.02684619191518256,-0.016522054311025047
2020-07-24,-0.009996565976651661,0.016410472183115754,0.04293433809942715,-0.0009270365537408232
2020-07-27,-0.03538558217882726,0.027740225033044963,0.004682740060448554,0.0055221666097657884
2020-07-28,0.006623489056191145,0.015182837029225738,0.00997119674555691,0.009475411032293657
2020-07-29,-0.020291719081435233,-0.00903587447613996,-0.037218184575309676,-0.005016553320476347
2020-07-30,-0.013103440637648234,0.007650816506536762,0.005818942706643515,-0.011792229196067816
2020-07-31,-0.016989499515563722,0.004732534083084383,-0.01979751685553366,0.006513081423045408
2020-08-03,-0.029821851171588087,-0.009420263055870959,-0.02810697842867471,-0.0024435632883624825
2020-08-04,0.03957090502725236,-0.007367635376082093,0.07048271870704026,-0.0030392846131939155
2020-08-05,-0.013536335924350107,-0.005421889939395408,-0.011229419778203575,-0.001478557508045375
2020-08-06,0.012797345099289537,0.02768072237111463,0.0035975816436912833,0.011801819514310363
2020-08-07,0.00302680873348371,-0.020548852860134192,0.005786911991603194,-0.00445837832870255
2020-08-10,0.006514532882916146,0.0004729775972602823,-0.012392530385331169,-0.0017192466549327268
2020-08-11,0.015228508048376499,-0.00304821722000026,0.0065806647187112155,0.0017672197974119008
2020-08-12,-0.002765619263753627,0.006853397485882429,-0.002905618970736046,-0.0070341256958256215
2020-08-13,-0.004371468265502831,-0.003927013330928264,-0.002608554604857316,0.001617359320603251
2020-08-14,-0.023228398909564962,0.0025230315728563824,-0.0038877293951203873,-0.011256828118928808
2020-08-17,-0.0016433690357029462,0.004089936560786489,-0.010620627251188619,0.010189099576202842
2020-08-18,0.022996896422091018,0.010495963884546766,0.013005932749669213,0.008332991740878315
2020-08-19,0.009559746353147602,-0.008526552956108713,0.006136160188817907,-0.009370577458247542
2020-08-20,-0.007125393000236735,-0.004325949277341645,-0.016185371772637125,-0.0036015244062065355
2020-08-21,0.02516532409460659,-0.006648289476130165,-0.007248317923623349,0.007480703309975523
2020-08-24,0.028922734877112388,-0.0014754974163326828,0.0066768778272314755,-0.0034743200750464442
2020-08-25,0.0023721445072997227,-0.009816423064709978,-0.006513220340295667,-0.006972189595339295
2020-08-26,-0.0011163388671728836,0.013537941541137188,0.026511599510806505,0.001697919260795988
2020-08-27,-0.005677540752197396,-0.003944078851758737,-0.012492278533015266,-0.005291446926506627
2020-08-28,0.0021581690527274766,-0.012459598118692572,0.002629501170685389,-0.008888886955088271
2020-08-31,0.0012112382313054226,-0.007110498568538071,-0.016752145228926096,-0.016078395686288105
2020-09-01,0.010261466631272143,-0.015561049974584296,0.003148166538588404,0.02092233322221304
2020-09-02,0.006076445886963322,0.010774953144460753,0.019618907984558343,-0.009252145260759681
2020-09-03,-0.0028656621524324466,0.01249999903146426,-0.007565033451584657,-0.001167200199788998
2020-09-04,-0.010257085725400295,-0.017529644557638724,-0.01650011966490761,-0.006778580563640113
2020-09-07,-0.00786234154583798,0.006418820501715938,0.002599586417597166,0.017861903543205493
2020-09-08,0.0017559206579629283,0.015404604702808689,0.01173981647880562,-0.009409899853188741
2020-09-09,-0.014337592295405543,-0.012296237148990086,0.02574619873132744,-0.004668122496604532
2020-09-10,-0.005426302452678944,0.013257900513193643,0.07062726399516284,0.0007739051855697454
2020-09-11,-0.010912055981439628,0.006010313273213663,0.0024848597123710015,0.011879400328372425
2020-09-14,-0.019190722225154055,0.034577465476474334,-0.007414532343485436,-0.01655663060579038
2020-09-15,0.011862582542093048,0.004139420972797847,0.007079008818955401,0.00044743135948532853
2020-09-16,0.021625552064680198,0.019644758349250058,0.0024580851289406347,0.008966986646653075
2020-09-17,-0.009189492455512038,0.009233805017343721,-0.011098775518562198,-0.007137753126107982
2020-09-18,-0.024270846922255118,-0.008753677521100234,0.0030232615598928536,-0.013861553404116544
2020-09-21,-0.007566425387523168,0.007733439865486025,-0.021620208311290523,-0.029017780778753055
2020-09-22,-0.013246933215537271,-0.0023765938541187026,-0.019815279353530557,-0.005398013240252353
2020-09-23,0.011444756138521583,0.012158996866059146,0.008886757326171502,0.01270469690106113
2020-09-24,-0.016089779459440345,-0.043491044747198115,-0.022234091493654407,0.004068172446957341
2020-09-25,0.01319881773318854,0.03695898860982294,0.009398498920958787,0.00880676497437527
2020-09-28,0.009770017580911672,-0.0010380426896383632,0.006608546020988149,-0.007575640041355691
2020-09-29,0.007920861229772314,-0.0013855423607576078,0.012994922259647712,-0.014588112754404525
2020-09-30,0.015105056271140116,-0.0007434012583682481,-0.004766001574411649,0.017238830614314082
2020-10-01,0.026284189962020976,0.009323252232821488,-0.004072837543507735,0.012933477264847948
2020-10-05,0.006684996240547747,0.03051128199557729,-0.005864540378049954,0.007661170443890475
2020-10-06,0.026696910938855956,0.006722627575771467,-0.0008362453172096052,0.002297402955246719
2020-10-07,0.01586420049254933,0.010229741448643859,0.021331518646870107,0.011082893128985027
2020-10-08,0.025424861753525985,0.02545591386603907,-0.00808418778610509,0.010026241344541997
2020-10-09,0.03503099363198747,0.011977831408838346,-0.0025901530581772247,-0.009788055889847214
2020-10-12,-0.016132191015269415,0.022858570008627677,0.0016117726489932593,-0.0005842717919091189
2020-10-13,-0.012524325839082251,0.022701245103237788,0.019512474371466526,-9.34699766356184e-05
2020-10-14,0.01088918863345012,-0.01796531895134912,0.002981254384720744,0.009330387544065566
2020-10-15,-0.034874339287330525,-0.0252857721439409,-0.035409665266465384,-0.0025947717347543087
2020-10-16,0.02574324608981793,0.017369875325072615,-0.013913487089228904,-0.000929119510826304
2020-10-19,0.00350182311522218,-0.0014191832298895424,0.00018384473411026114,0.01267103407722403
2020-10-20,0.01694979643437411,0.01030284281367111,-0.009328063506369721,-0.002158075564745676
2020-10-21,0.018587346269937743,0.009538355237787233,-0.01451829194513865,-0.004578874068231653
2020-10-22,-0.010748331088361818,-0.016806407295490877,-0.008307591898212396,0.007489309209038453
2020-10-23,0.0020269179289977846,0.004878585144360681,0.00289528019906915,-0.016289298929916485
2020-10-26,-0.020148669319585366,-0.00895306782661942,-0.03972931668718849,0.010681744999778031
2020-10-27,0.018333255615358146,-0.019416623867683946,0.002661340564420467,0.00459204377527489
2020-10-28,-0.019057460302889684,-0.01310893452448203,-0.011329646162252849,0.0007628135848649631
2020-10-29,-0.018518670952500482,-0.0015791815692977051,0.007681020819432227,-0.01952065182588769
2020-10-30,-0.0030744046761849164,-0.013257610954465537,0.013616838158397204,-0.023938632882239297
2020-11-02,0.026783869085616807,0.011031441371057493,-0.0861766778088805,0.00033793343604693327
2020-11-03,0.026907864835192363,-0.00909271785920518,-0.014407835303957617,-0.007866788411038605
2020-11-04,0.007572523872981796,0.029551830447706928,0.033938597663093484,0.002116174883113553
2020-11-05,0.009384382076850217,0.009186722531194569,0.02184822880022974,0.020533383827163743
2020-11-06,0.030294831945749667,0.00792574933715784,0.03792842816022568,-0.0039003377005770723
2020-11-09,0.02515951054545429,0.021388479969811636,0.010620041806800984,0.018336728620655274
2020-11-10,0.03961078686999375,-0.040033557199650294,0.016506633554397077,0.0018990664002951352
2020-11-11,-0.0026549774835009643,0.028825333214136384,-0.04190358592337318,-0.0025506774715343683
2020-11-12,-0.013129915871719633,-0.004231441472947517,-0.00861198838346433,0.02859946578289896
2020-11-13,-0.00940439590036879,0.005770459440307851,0.008282885721979882,-0.003079087578069073
2020-11-14,0.00802169818306342,0.008227982411283419,0.0029553547702563243,0.0010752045545525668
2020-11-17,0.028290924206856083,-0.008601789150645578,-0.004519857040036657,-0.0046166424566715936
2020-11-18,0.0001772904017711685,-0.011702576420061894,-0.0030352640572536282,-0.020894461040740775
2020-11-19,-0.024384083185609806,-0.01242609407682338,-0.007070159918339591,-0.0006332604833256816
2020-11-20,0.021319228295182402,0.006017544934926677,-0.037326168054178765,-0.0049277601054387166
2020-11-23,-0.0064474947181671904,0.03308114090698111,0.02695459372935871,0.004315236937699529
2020-11-24,0.03126348930789602,0.00017542850104779184,0.006843561680130783,0.013126042577790598
2020-11-25,-0.02461402803201551,-0.02140249964445151,-0.008273793171351018,-0.009966029884726169
2020-11-26,0.017001573742456033,-0.0021960741389142058,0.002464307120080722,0.008591421486426443
2020-11-27,0.009953402512828058,-0.011857628537922715,-0.011676735827304885,-0.0074274232402493645
2020-12-01,-0.005239846547091309,0.03440910096038241,0.013006659315389468,-0.002408417848079547
2020-12-02,-0.018384330231315027,0.002680500345124015,0.0016624760620878032,0.0029300321474359237
2020-12-03,-0.02114500871194991,-0.012665666305598733,0.00301301482350258,-0.005398978797905962
2020-12-04,0.006099490210888403,0.0072796399286241265,-0.008808363645627426,0.02653031849137566
2020-12-07,-0.009634930295625788,0.007799988188740725,0.0058816137590487205,0.03294106755408288
2020-12-08,0.0029513842645221278,0.008613652045376341,0.0181544209301443,0.0017065909333509044
2020-12-09,0.022451479588296186,0.01894474683241887,0.016652088427690837,0.014247597167924342
2020-12-10,-0.015171888454351579,-0.0063392482371856795,-0.009842387172679712,0.02541236208772557
2020-12-11,-0.0022008434880850247,-0.0038965397661724355,-0.0005978539247394332,0.010338758294727857
2020-12-14,-0.007701704681108423,0.0011606614211183697,-0.007229103299534856,-0.0016844884094865398
2020-12-15,0.013956172850998927,-0.00854402398530818,-0.008511937839852601,-0.021385751444740198
2020-12-16,0.013943743098397965,0.00961371109333764,0.0011141797610927373,0.010301183176687712
2020-12-17,0.022045716076221744,-0.005575997083788309,0.004578740983063767,-0.012222795190377944
2020-12-18,-0.02111931151611457,0.026397656051073692,0.002996560211218746,0.007839355699225115
2020-12-21,-0.027420576097765714,-0.010506092501336273,-0.0260350802000765,-0.011785083727985368
2020-12-22,0.0003277511603241301,0.036693989368579594,-0.0015465277722100934,0.0021899491915504665
2020-12-23,0.0018572841346087277,0.02666974026578517,0.003691915728186723,0.02568165099510833
2020-12-24,0.015592416298830125,-0.01356709807435208,0.025876423951520566,0.013457702754548828
2020-12-28,0.01127344516225337,0.003438481259698367,0.004588375667408773,-0.005557271693192201
2020-12-29,0.010156794483243692,0.008062524657130199,-0.006614055825490572,-0.001925642990526999
2020-12-30,0.0037134740893065565,-0.002799450058250552,0.002738569711110417,0.009352995173173673
2020-12-31,0.0026527542331029608,0.007218648430766805,-0.005111417253706674,-0.004654058081450252
2021-01-01,-0.007832585474704556,0.003702752759719985,0.0011082388327567916,-0.0032770146586788007
2021-01-04,-0.006350672323271911,0.022055545109201047,0.0016854887056538814,0.0163137002057816
2021-01-05,0.007556378622753934,0.004308111337010034,-0.012432012432012418,0.00991149855629092
2021-01-06,-0.004310366992763326,-0.009042979528552264,-0.02637202128981775,-0.013568293393209307
2021-01-07,-0.0030272752659668,-0.015560544800833354,-0.0016192945422738303,-0.020043108325977776
2021-01-08,0.010874022537295414,0.03957546422236158,0.01179901115327131,0.009434940594902352
2021-01-11,0.013830035478288982,0.04885283772289428,-0.01884984351764718,0.0158499369129399
2021-01-12,0.02035898373689471,-0.0032334579048272083,0.03151933005626928,-0.021901343980483934
2021-01-13,-0.00698836870067121,0.01122663252558076,-0.009325288214258043,-0.0014940402625565063
2021-01-14,-0.0012921475733191912,-0.012003169226394994,0.01124412276131359,0.011043907825524446
2021-01-15,-0.0014297573818840004,-0.018642910946128244,-0.011807592863658845,-0.019761938544825663
2021-01-18,0.011215936022661577,-0.02446180809559606,0.024000656657296116,-0.00788977830622939
2021-01-19,0.013990957663981396,0.0035058949134183504,0.016356248612906743,0.01309695939544775
2021-01-20,-0.007879580214534276,0.017316952610572756,0.018994187485287695,-0.0030468726770830346
2021-01-21,-0.011528246746575599,0.00018635725298832284,0.021754950309497367,0.004966185950521451
2021-01-22,-0.021189067628258007,0.0008586486646533498,-0.02372097520215999,0.01761251736858971
2021-01-25,0.01336952169432104,-0.011746315838408239,-0.05298599842522378,-0.004047004829068057
2021-01-27,-0.03640153401974111,-0.018187313355206403,-0.02369905190833732,-0.0034585926681769408
2021-01-28,-0.02706436172684601,-0.01906246444047477,-0.009736107346802636,-0.03801304170726494
2021-01-29,0.013890506205352704,-0.029109559388682982,-0.01843823242940501,-0.015866535411223293
2021-02-01,0.062027974946745834,0.017634298398250925,0.028964016403907555,-0.0067582151109661925
2021-02-02,0.0567462481119243,0.008208429091223657,0.016092421652527333,-0.008071951098499563
2021-02-03,0.009131354411480164,0.010540762936026127,0.002518439944950268,0.001076188895348995
2021-02-04,0.0027304245464510046,-0.0041256567504751596,-0.0032891068769916876,0.0057099624912875235
2021-02-05,0.011715716597352266,-0.005666879274299319,-0.00028587760418830044,0.01066539883312978
2021-02-08,0.004788384673790391,0.024722970342369255,0.0143989110487861,-0.014496237818818813
2021-02-09,0.004111434508448308,0.0015343075537856965,0.002408556685728369,-0.009120718995607624
2021-02-10,-0.01867421023892979,-0.006932111124289153,0.009278421855309693,0.008685607438908116
2021-02-11,-0.005942838230163838,-0.002969586568906446,0.04122980844621349,0.012301698794027205
2021-02-12,0.00610568121893329,0.013267427993023606,-0.006858973422834591,-0.009478478935311174
2021-02-15,0.021903259712670486,-0.00011443204391425876,-0.004408344046632484,-0.011755286505011009
2021-02-16,0.0062168469071159915,-0.014698736690073488,0.013234291759047112,-0.008622109044736925
2021-02-17,-0.024682657756191717,-0.007051814085842989,0.011531981767665345,-0.014662524000101373
2021-02-18,-0.02029623654661994,0.008701764953612079,-0.007464326827292922,-0.007879336688644822
2021-02-19,-0.00977933325854119,-0.00088971072618238,0.006093739004455312,0.015953782599356536
2021-02-22,0.005782527493882528,-0.02021201585549559,-0.03470662872374797,-0.006189600170813714
2021-02-23,-0.012176971557840255,0.0009089851468602195,0.0076441368496595885,0.00537432957750128
2021-02-24,0.05055085542975046,0.006277689891561078,0.018557430387080576,-0.0001833635257582067
2021-02-25,-3.0989901451339286e-05,0.00019610735788355704,0.040441477280071414,-0.007136734086865881
2021-02-26,-0.04482069706766911,-0.016672303833002666,-0.027304241123075723,-0.014445489581089599
2021-03-01,0.0159670740572444,0.010931022933728052,0.007622925401761682,0.005323374514154988
2021-03-02,0.005965824334761116,0.029597662850431528,0.002045914129901405,0.016119159802003402
2021-03-03,0.011892550921471123,0.029934671640176713,0.04563160316190862,0.007139868890712053
2021-03-04,-0.021930239894429326,-0.009824863152260832,-0.011920426422037722,0.0015499926580904155
2021-03-05,-0.014206930059904699,-0.010260448613098938,0.0013098169146308347,0.001911862894716565
2021-03-08,-0.006862857672767841,0.014468118162323407,0.005691600392524032,-0.012062209637388688
2021-03-09,0.028298892715001633,0.0073366402798902275,-2.3020701103160235e-05,0.011013749242221982
2021-03-10,-0.004320178693155374,0.01679635165874127,-0.004153264617324348,0.013350123378900403
2021-03-12,-0.002442512946244979,0.0048969992069414214,-0.020325696544846172,-0.01036877246181156
2021-03-15,-0.0150133462096258,-0.0009093400818560582,-0.013426426870212782,0.0027667491381848652
2021-03-16,-0.010793856916025968,0.0075714610590020825,-0.003935633009403694,0.015016863349642806
2021-03-17,-0.011109950160566373,0.0021675782860572923,-0.021541468821019594,-0.00790989154426247
2021-03-18,-0.0029089632830887613,-0.03597694279127217,-0.02250220047979612,-0.004985740614400713
2021-03-19,0.004359436382006976,0.005497030842620321,0.0362847739656893,0.0437205341510265
2021-03-22,-0.01893163720776181,0.01959916550152352,-0.009413920953253552,0.017798157709725926
2021-03-23,0.02110076951708595,0.0005471126630434142,0.012170210500336731,-0.006756922315280467
2021-03-24,-0.014231917064074229,-0.0129779892591535,-0.019257352979759057,-0.008000557183095225
2021-03-25,-0.010447738451019206,-0.014736761031065693,-0.027280021290099987,-0.03517188802875382
2021-03-26,0.019100026634377043,0.0017991357690581022,0.0016069749980764936,0.03614115081278935
2021-03-30,0.0418427534529644,0.036746230789497236,0.017371484869382448,0.03488052837631117
2021-03-31,-0.03864961681512391,-0.012452388407918291,-0.012910957601005912,0.01365301041400091
2021-04-01,-0.004619659387721686,0.012536089708029774,0.009360491425631112,-0.01332484937162759
2021-04-05,-0.024987337408625798,0.017831542116720778,-0.014466836507765701,-0.010796014044275326
2021-04-06,-0.006450171543654348,0.0008155942177112685,-0.004165475336738944,0.014790378851889496
2021-04-07,0.004825508857454475,0.013571282994507161,0.009348450324410118,-0.0012664792356090748
2021-04-08,-0.009950119046746142,0.006747431664164694,0.0012482166645400028,0.0019332920041388313
2021-04-09,-0.00771218662641282,0.0008334592721679357,-0.011618887227828667,0.027428508346169167
2021-04-12,-0.03847361678812544,-0.010617535060240546,-0.03577102635083307,-0.00565440314819976
2021-04-13,0.02435878232251043,-0.02005935534231862,0.010804999071297727,-0.003086953978471363
2021-04-15,0.0212447611511537,-0.026053177306765263,0.006470624965699168,0.0025465728020868106
2021-04-16,-0.0010138350419756081,-0.0051440302441077,-0.006274828705967628,-0.0007114820428166801
2021-04-19,-0.011374417578870477,0.006500487290625356,-0.01573419366308204,-0.009048515785140876
2021-04-20,-0.014868369194220188,-0.008220093601414957,-0.000289132802123504,-0.01608754746320129
2021-04-22,0.022351700411060493,-0.00018482106427575307,0.0027614264671864674,-0.020042270555718833
2021-04-23,-0.005869975475151112,-0.012804291577196758,-0.001075155321887622,-0.017727983934956337
2021-04-26,-0.006611679887154498,0.007309765741667862,0.017591180330031708,0.022922730669768132
2021-04-27,0.024131428332153426,0.0036842446006906115,0.026214603617317644,0.008133410055400025
2021-04-28,0.026482429142291375,0.005561707683048311,0.004349667132993007,0.011219383344106548
2021-04-29,-0.002911791687355003,0.0002581547005886531,0.013393038498849874,0.00043628519924476805
2021-04-30,-0.040882795127022975,-0.0014746845471254044,-0.014599366266869307,-0.022366824793317197
2021-05-03,0.0015222477764840203,-0.0016979891072633757,-0.017773971262967758,0.02304842862395451
2021-05-04,-0.018452425554491114,-0.01675258717637307,-0.021668639147198077,-0.00014545221271122788
2021-05-05,0.010263936121836403,0.00910207508215577,0.001826157973742193,-0.005399668596954954
2021-05-06,-0.0012120228255581011,0.014983059166826074,0.00567674453212863,-0.0019415144529489892
2021-05-07,0.009886381798044797,-0.006646649275348415,0.0003883913971236552,0.008870285788152632
2021-05-10,0.0036050271840162296,-0.009611386356909168,-0.0028729524963184705,0.008999618055115288
2021-05-11,-0.011479977511914652,-0.0066439557589939024,0.0036081369758147464,-0.012659644125603275
2021-05-12,-0.0028856595554581643,-0.0027430471234521914,-0.010345840698802622,-0.03045262895233225
2021-05-14,-0.009038880469542154,-0.00798787326757533,0.012623226592734627,0.020567278211045537
2021-05-17,0.03850441863430909,0.009875217533404923,0.011898018420914314,-0.00025240492700739914
2021-05-18,0.025308156164232987,0.007973560141747438,0.014079033142597064,-0.0008419383723683449
2021-05-19,-0.012527950590488945,-0.002238752793947807,0.0045775850774523175,-0.0061072765238088245
2021-05-20,-0.017418679273507487,0.0017203413302997461,-0.005833622644450531,-0.006610654100964952
2021-05-21,0.04501669487930737,0.011349286823276517,0.008638038852341934,0.007721480306575712
2021-05-24,0.008448570275606082,-0.004762062642182818,-0.008439201513184114,-0.01087950766452972
2021-05-25,-0.02053043545107125,0.010051533986810357,-0.011331192795632772,0.0032097660446122056
2021-05-26,-0.0012847188788300823,0.026182593858963488,0.0035146691266525476,0.004244867362482196
2021-05-27,0.0037912613660675554,0.0035783382632268435,0.0030709397516326398,-0.011725039133971493
2021-05-28,0.01402904562408791,0.0019967163895924234,0.06006795220967853,-0.0020200301500133966
2021-05-31,0.008247747881204637,0.0026619237821277064,0.03126775865625042,0.007903917016090833
2021-06-01,-0.002737908700653602,-0.004699622381042823,0.00398108449654333,0.007798728443274117
2021-06-02,-0.0050935835701207965,-0.00616346394675682,0.014915290209732257,0.00021220043320280269
2021-06-03,0.011004126547455195,0.007978914017406469,0.003816041454581587,0.001886432274727845
2021-06-04,-0.012890146242779288,-0.002878419648774333,-0.008666534475562426,-0.008970803666033422
2021-06-07,-0.0007329286412749436,0.002886728865862498,0.01684546141651677,-0.0011740551335283067
2021-06-08,-0.011201060761435233,0.016766744026295965,-0.005746623295711073,0.008421219648396594
2021-06-09,-0.0018543047059640383,0.0016629621576669251,-0.017881323724166176,-0.0012715742726134849
2021-06-10,0.0005066750566746769,0.006359269147003133,0.0036781847316815774,0.009677406870212124
2021-06-11,0.0035783661569162017,0.01586752722538698,0.017345635619059552,-0.005170454071436681
2021-06-14,-0.004641996845751506,0.010297819316090084,0.014345989814111615,0.00642667986680201
2021-06-15,0.007299957813335256,0.008277602017957353,0.002271750431610986,0.011566219585441129
2021-06-16,-0.0037914378628978174,0.004545710425579719,-0.017066590067154608,0.006668165697861994
2021-06-17,-0.012461198294101528,0.00992834973417489,0.0018312864449094857,0.004070002224806357
2021-06-18,0.00934448991248682,0.005350091705145887,0.004513283120461065,0.026967858188685856
2021-06-21,0.006014339721396533,-0.0019957009361130096,0.005212018910764282,0.012666797280949549
2021-06-22,-0.0032914815380640228,0.007698523538835822,-0.005140300545370069,-0.009585221755941564
2021-06-23,0.0011458722376294084,-0.005754580024585065,-0.009165306151486252,-0.003914989472104002
2021-06-24,0.01396817383917659,0.03728844376006113,-0.023511098691680332,0.0038900168578130945
2021-06-25,0.005875588652606956,0.00962021871112051,-0.02277688928671262,-0.01666557069071617
2021-06-28,-0.004455163191980027,-0.0015244935263557524,-0.00876705974323233,0.004716995493518672
2021-06-29,0.00013323766394246483,-0.005566927429137447,0.0008628894671345311,0.013149367656315247
2021-06-30,-0.0027628802770696126,0.011356059500167381,0.010944478266729174,-0.00852542421222613
2021-07-01,-0.007443798783608568,-0.012904845713975654,-0.006016994689925559,0.002711170195745405
2021-07-02,-0.004271022848511441,0.004742458884094081,0.01482393700334228,0.003752968942484225
2021-07-05,0.010165898231755177,0.00711175714145873,0.009933954661492939,0.004723876068288613
2021-07-06,0.026246410999951397,-0.010608283339187285,-0.01181282856021737,-0.010623896340672179
2021-07-07,0.0031278128769096636,0.001536203736699271,-0.006941832675791182,0.0037006892446220796
2021-07-08,-0.012374205519133374,-0.0024606234409475514,-0.008269972151991323,-0.013740826243474946
2021-07-09,-0.012134593358699708,0.0013776088675589993,-0.010226513266498927,0.0015931635713930525
2021-07-12,-0.009986702750145016,-0.009629457651720186,0.006228349658132792,-0.002977719131878054
2021-07-13,0.009986472995994422,-0.0018737908507503453,0.007485214630338577,-0.003048052802993917
2021-07-14,-0.0017976663429819517,0.020680421379291047,-0.006524721153241986,-0.008966906627011939
2021-07-15,0.01437477436495227,0.0024731599573484253,-0.0017497462916327144,-0.0010353280617236837
2021-07-16,0.0010849420034679813,-0.016036323726380863,0.014430730126811842,0.0020931107583839204
2021-07-19,-0.03373067999130108,-0.00883976556442545,-0.006367091135155878,-0.003619276358404422
2021-07-20,-0.018932649378194832,0.005416071214286555,-0.0024537279226765074,0.010898153643538189
2021-07-22,0.003845790898599155,0.025902343634503833,0.012847434033761207,-0.02330689343372161
2021-07-23,-0.004107219184623312,0.00015723482465812566,-0.007073003034909098,-0.008430932699430072
2021-07-26,-0.005683533484982184,0.008456828598069288,-0.013700937559217863,-0.003986134849305878
2021-07-27,0.003624786948402736,-0.0008418504351425105,-0.010520723242298247,-0.0026824179080586763
2021-07-28,-0.01559281480745256,0.001903324446546506,-0.008588760647340488,0.008111182697234876
2021-07-29,0.0006702194494703217,0.00710031724078819,0.0078041456175019785,-0.011285689834140689
2021-07-30,0.005781438838598385,-0.004019915217657322,-0.008742244949433764,-0.0006209550254078211
2021-08-02,-0.002663682308514881,0.013070396658094507,0.018277432121659887,-0.0002144167965834054
2021-08-03,0.008470022767054441,0.014495598361669693,0.00735831129925546,0.023169627504743273
2021-08-04,0.021328482968336004,-0.0035949606536569423,0.007663771069803094,-0.004084812569148277
2021-08-05,0.01334212760790332,0.002607455897895683,0.014497950593241216,-0.008161129809243217
2021-08-06,0.005252949172441346,-0.0020261750798349354,-0.021178433473305502,0.005853112390170168
2021-08-09,0.007537097999227971,0.007938552360345463,-0.005696483426030907,0.005481781511065265
2021-08-10,0.002493282578906797,0.008386996691933435,0.005247535100724843,-0.0011324756428965355
2021-08-11,-0.00842354501833964,0.00017873868646378632,0.014008366916545167,0.003631786809374482
2021-08-12,0.0043144346349845986,0.007183192375847192,-0.0032115657355169525,0.0007740076879492186
2021-08-13,0.016517821187506998,0.013375850704104852,0.01665473483755253,0.005099669489774916
2021-08-16,0.002883180135809349,-0.004555374762678643,0.01297981883585786,0.009107915695721225
2021-08-17,-0.010420873757985727,0.021855031043325868,-0.004255832308761476,0.02365651055249085
2021-08-18,-0.0010892756471966303,-0.004708174763275563,0.0038812459414041545,0.0009056071748787531
2021-08-20,0.001156591346403335,-0.0002883205827342028,-0.011230536529900026,0.05363952174767994
2021-08-23,0.006502842323899749,0.0033467288214727997,0.006563572311676369,0.005631019367283052
2021-08-24,0.022464795149416128,-0.010294702753314677,0.0098734565498797,-0.000436561384179579
2021-08-25,-0.0009300242522609636,0.00854232304274638,0.008655005621936773,0.004557632563197522
2021-08-26,-0.0016696384119689878,-0.004523158505328362,0.012644214805977105,0.008090617492935381
2021-08-27,-0.0040840064642041485,-0.010939187078927382,-0.0013675063714052582,0.0043316848985075485
2021-08-30,0.012786824480855996,-0.006291019225985295,0.01923761514847544,0.0036409817049121163
2021-08-31,0.008385260507028258,0.004946763259497056,-0.00532967064277301,0.013543025616218562
2021-09-01,-0.0014544139549831359,-0.01681848481035575,0.0039634549343865455,0.003230556379571814
2021-09-02,0.006269317722972012,0.0067649016043929144,0.012041780249487877,0.024936996467398442
2021-09-03,-0.008149666740741579,0.0068381002940738345,0.04101294960918822,-0.012263424658198296
2021-09-06,-0.006567162301401197,0.017493355529641486,0.015532729914632615,0.005024130860295184
2021-09-07,0.0022674826360451483,-0.0137251965489259,0.006307645588253807,-0.001043256907303891
2021-09-08,0.004556293398960687,-0.007851713399732008,-0.00391244722011197,0.008352470897769804
2021-09-09,-0.004947965066100624,-0.0009743944178424169,-0.0023649139617607506,0.003480869524382202
2021-09-13,-0.008319437942927221,0.00017730528772430532,-0.02228315502949929,-0.008645510209011609
2021-09-14,-0.004500068344216679,-0.003398439227954131,-0.0013072822428386033,-0.008541640149330343
2021-09-15,-0.0011302079213617588,0.015004455686800311,0.0041588963078713626,0.00466947746438362
2021-09-16,0.008501456840827037,-0.0053754718923362255,0.02098135641527321,-0.002594035464417277
2021-09-17,0.01423119431702169,-0.006432717915328068,-0.015505431629486588,-0.016617207885486374
2021-09-20,-0.014094664413635383,-0.002039869775164349,0.0015898007421926152,0.0286895499714106
2021-09-21,-0.005064688235628112,0.01812939011548864,0.004322716289465456,0.00432101717615252
2021-09-22,-0.011759361133968693,-0.0009017098722386985,0.010728782511156387,-0.009938012153317688
2021-09-23,0.023668192652728015,0.014939722095193675,0.024439525334745582,-0.0007901201608009334
2021-09-24,0.020095628821650724,0.012223251999681217,-0.002891770496363799,-0.012813264380399758
2021-09-27,0.014704542031821033,-0.02420818937980529,0.01681635160998618,-0.01352553659231237
2021-09-28,-0.006184328384505999,-0.019783447110676478,0.009348661049114027,0.005296367413440306
2021-09-29,-0.013126584173985822,0.003052635068052867,-0.0079275111938929,-0.014152819562083252
2021-09-30,0.0006901808293415801,-0.010075354795322067,-0.0034022483199865894,0.006144567179345195
2021-10-01,-0.007680480118950173,-0.005999215398404534,0.0017663077492231505,0.0008328322149080414
2021-10-04,0.0019269663277881044,0.008167424285975278,0.012858176027148227,-0.006601184569967389
2021-10-05,0.00611716866803369,0.008369335074207118,0.020753910864635294,0.008357458478598812
2021-10-06,0.012190940186761257,-0.011371618477679535,-0.018913793765966913,-0.008343729286528156
2021-10-07,-0.002724656538266923,0.010426779061221358,0.0049025981854153855,-0.006198660051379146
2021-10-08,-0.0048743829871884525,0.019426377935526817,0.03842720091446439,-0.010994936470231531
2021-10-11,0.019436760448764412,-0.01908521042131095,-0.00696326934445235,0.0019128860768276024
2021-10-12,-0.0025708199046403646,-0.003429938601430149,0.005711464026860069,0.011738663149711615
2021-10-13,0.006013720603694983,0.01427165022796495,0.010176950739658741,-0.010985709136245303
2021-10-14,0.02927904379837698,0.0038322602430653774,0.002022285443575189,0.0010576879548918061
2021-10-18,-0.010133818069486322,0.04452867074098377,0.002666352872415123,0.0016795188936580274
2021-10-19,0.01101595527048116,0.016739575332859413,0.008956184534391287,-0.040391854673313854
2021-10-20,-0.008793677944986089,-0.010866274513785523,-0.011512340231489948,-0.026759092372736104
2021-10-21,0.0014635487519154555,-0.027020293272535967,-0.02884761256869739,-0.013273421307190003
2021-10-22,0.0026546612128115488,-0.0193026000647043,0.0018684988321497897,0.0034142422302636533
2021-10-25,-0.014130538208131482,-0.007122853763867121,-0.009743598265652853,0.0007130301154323337
2021-10-26,-0.002564897875640071,0.006587744403626639,0.022772750971231437,-0.0016388441183428082
2021-10-27,-0.006020330276023,0.014820556568758247,-0.012645312313417256,-0.016517097650877055
2021-10-28,-0.02994880572497982,-0.014488490362219109,-0.010961637806700009,-0.002899950653468819
2021-10-29,-0.006745809111553092,-0.0212160849161942,-0.023993545464945476,0.0014646574156780279
2021-11-01,0.014183369648014255,0.019367399747302505,0.0006111416510727885,0.005828940774432079
2021-11-02,0.0009031948231457143,-0.001264569412684935,-0.014579426865397704,0.004902244790780941
2021-11-03,-0.015745979477861827,0.002709073194232081,-0.006877774626004807,-0.003121120343153705
2021-11-04,0.007904001161382679,0.0036418598707694816,0.006140265489270602,0.004768934139104397
2021-11-08,0.00395251644447181,0.016854893150063832,0.0012406847527146603,0.0037353283045460373
2021-11-09,-0.01749722704545087,0.0028777618062032495,0.00789378773835514,-0.0003083869609988854
2021-11-10,-0.010812620841765597,-0.0013488072248486471,0.011182763565923848,-0.012751282557296961
2021-11-11,-0.004468645671071858,-0.003936447151272948,0.0018236102832889234,-0.009978308169531047
2021-11-12,0.0030355495456786397,0.02705841957670252,0.015090804582663653,0.012098975050652827
2021-11-15,0.002736745908152427,0.003903995440097008,-0.005900414179577984,0.00823313339377263
2021-11-16,-0.005940126128731182,0.0028817657500368465,-0.023236850744739357,-0.007464801721320136
2021-11-17,-0.011111102684416285,-0.0027061389505811384,-0.021406582815368558,-0.006440491483876154
2021-11-18,0.005618058433295436,-0.004503635566922903,0.0037741508078645847,0.0034503996064527698
2021-11-22,-0.015623006015868635,-0.011239837645922068,-0.044292862363380814,-0.004522031794181536
2021-11-23,0.00013196458597342087,-0.012788341533893521,0.009349354652117947,0.002365515130223095
2021-11-24,0.0016495548482797773,-0.023547618767677747,-0.014439078437550212,-0.008123867340636304
2021-11-25,0.0052038887209922,0.015565992606946022,0.06019800309682877,-0.010822291086946212
2021-11-26,-0.023624528990441207,-0.017852924231478218,-0.03223079568513276,-0.005938484180339598
2021-11-29,0.0076180755304116055,0.0027781281678824765,0.011978579182278182,-0.0024410803219687693
2021-11-30,-0.0051290063084658,0.009609005454463748,-0.014785998660956534,-0.0050871226123900826
2021-12-01,0.007431853280200906,0.0013137502670734769,0.025609307496456735,0.01177999605601654
2021-12-02,0.014023133275987698,0.019447173107634885,0.006424772650797772,0.01639726309383982
2021-12-03,-0.00799599606001089,-0.0072644352818979074,-0.030046043650283627,-0.016636500079224126
2021-12-06,-0.006441807836176872,-0.023191323395159058,-0.01895574203108108,-0.01585125387423214
2021-12-07,0.014563145536037325,0.009644045182328753,0.008147649248844813,0.006546550391652639
2021-12-08,0.018417767910098526,0.024362573215226835,0.015219319377924645,0.008184250970626028
2021-12-09,-0.01734464798888269,0.005760383816413084,0.015859431992273576,-0.00036349259057377736
2021-12-10,-0.0028162535523548193,-0.002381725915837518,0.0010178651406040906,-0.0029702997172887935
2021-12-13,-0.007487353439203148,-0.008298967513175493,-0.020049211641515963,-0.012195542507489887
2021-12-14,-0.005757234027786606,0.00429879294423352,-0.012242334992779491,0.00605379360921976
2021-12-15,-0.0016306847252280932,-0.010244525326078002,-0.0029200279014571784,0.0011429741619122247
2021-12-16,6.670099405359231e-05,0.021566207411616967,0.012936082876515265,-0.0049331331621000896
2021-12-17,-0.018032067559861198,0.02779970393028708,-0.026394634764848268,-0.03431503141032799
2021-12-20,-0.03217813978860273,-0.012054705474171423,-0.026960609319904516,0.017419714633205796
2021-12-21,0.011328004872126263,0.007059742071053865,0.014885687708144468,0.0016526797471450028
2021-12-22,0.0023581111732164928,0.007231181478445592,0.023731729652557654,0.0021118372564976617
2021-12-23,-0.0007609907700872887,0.018030278436511393,-0.000359268518361322,0.010097866029779912
2021-12-24,-0.0036009060798892767,0.0031763199336136694,0.0031920754757830405,-0.0016080463973147108
2021-12-27,0.008270204120633284,0.001422030143162445,-0.0010747621938143048,0.0019373720520485804
2021-12-28,0.006892791516276642,0.01170855704862861,0.011876494283941108,0.0033458995252750867
2021-12-29,-0.004757750319906884,-0.0012976924605730966,0.0017095578815642387,-0.0009745908443241635
2021-12-30,0.005261953704210454,0.003871612017145365,-0.018064607322970994,0.008128060254147806
2021-12-31,0.012247660108019254,-0.0026944947332473435,0.0038361805360622725,0.014856288581454269
2022-01-03,0.027207098252224338,0.005668258898201772,0.015074963964830435,0.00048740718996809207
2022-01-04,0.005856450774173183,0.0003686656447745573,0.02256808265310095,0.016918585833771926
2022-01-05,0.023747937351467074,-0.02869711701888522,0.004678356417559648,0.0060594458940181894
2022-01-06,-0.01603980120072812,-0.014555401652870614,-0.02150133717633973,-0.010100433622177496
2022-01-07,0.007014179496711348,-0.0019254927908847197,0.008069530620796517,0.010349674865042235
2022-01-10,0.005546414541822697,0.02009048094043342,0.0008209508425256473,-0.0037662772353310725
2022-01-11,0.0043292940755785825,0.0026204490808685588,0.0071985425151341875,-0.0014124025145976216
2022-01-12,-0.00590706375197092,0.01177520132807719,0.026694586534100617,0.003951997368270899
2022-01-13,-0.01840495578697776,0.010306462707453834,0.0056324290045184355,0.0004354692858721254
2022-01-14,0.011223838284119436,0.017160502697416202,0.0014595929808567387,-0.02091809056997307
2022-01-17,-0.015305944128263915,0.0052608294803455635,0.005218321564271378,0.010936364340672133
2022-01-18,0.00509357933452792,-0.009667368766074214,-0.011930678112672122,-0.008390736368348084
2022-01-19,-0.007062253999744583,-0.027957792625788236,-7.919507874731835e-05,-0.02515302178233214
2022-01-20,-0.0062233484798528416,-0.02321854090282549,-0.017508522161574835,-0.02082329226399926
2022-01-21,0.008349790263289192,-0.02083682792442998,0.000161334312000605,0.028118957656826815
2022-01-24,-0.02296928176083224,-0.02738407094627182,-0.04033751393364238,-0.017545081507347127
2022-01-25,0.0009417607864425914,-0.008435195151074604,-0.0019555171698555363,0.018668311801557147
2022-01-27,-0.00880361727885326,-0.025288130922664354,-0.014810781971266285,-0.013707177082241229
2022-01-28,-0.007932401070730899,0.004527613876229797,-0.0009622987089081825,-0.005140796607881248
2022-01-31,0.015342570630089147,0.029652391331715044,0.02172669153807205,-0.004291609742451241
2022-02-01,0.00760580796937238,0.02064863261960337,-0.003310215728674293,0.014029815656886102
2022-02-02,0.02284569295438854,0.00849310512893875,0.002038705145200881,0.009649962881667973
2022-02-03,-0.01035127952109427,-0.027166950560231107,-0.01292163805324309,-0.012779715424543592
2022-02-04,0.00570830764844521,0.0014666985123896747,-0.00911721720737857,0.003677081475341959
2022-02-07,-0.03664697577219678,-0.014990517723972863,-0.0060908711500688995,-0.02124338564242989
2022-02-08,-0.004291013811209221,0.0013411117164852104,0.016809766498064205,0.0029897658016788675
2022-02-09,0.024455096679007804,0.011646204541861938,0.011650875045371878,0.0058737053428525865
2022-02-10,0.018362675381597526,0.01859197506889565,-0.0010278725334027516,0.0024145833304287656
2022-02-11,-0.004098021331059742,-0.02726604362300067,-0.0019530429788309212,-0.011015166354685246
2022-02-14,-0.02972641413502919,-0.022743769717424978,-0.015927341724919497,-0.013042543229713321
2022-02-15,0.029924774254606934,0.03331951702548186,0.03395264875677251,0.02761880311513809
2022-02-16,-0.0013507757614260596,-0.002847828395981189,-0.0020679210404612736,-0.0015717741623300086
2022-02-17,-0.006102504694780575,-0.004903697353500602,0.012660876061137305,0.0092060322351748
2022-02-18,0.0038830507712892537,-0.010349299739696893,-0.00781656819940868,0.0021666642201429998
2022-02-21,0.00644691960860988,0.013913854230402478,-0.010105654521864293,-0.007675583770628935
2022-02-22,-0.00748965290991177,0.0021089270070284716,-0.00454204559160809,-0.010828935681853391
2022-02-23,-0.006486859414537749,0.004900968555062057,-0.006257619376722312,-0.004207037983885997
2022-02-24,-0.05430080705859042,-0.03712301477858271,-0.04983057739917163,-0.039373451271072835
2022-02-25,0.025855981272646877,0.009802373845038126,0.012501438255039243,-0.0003224718847110175
2022-02-28,-0.02049999372902578,0.012392384181289406,0.03310043676367225,0.0006450908573563119
2022-03-02,-0.036459268895785435,-0.007460908111317388,0.016528709441820943,-0.010588739392681235
2022-03-03,-0.0023648625880428042,0.010600086610573323,-0.00844264001782602,-0.027034701397267713
2022-03-04,-0.0032823480596250176,0.0014237402470038685,-0.022179649974530258,-0.034194185746894146
2022-03-07,-0.03051587866388572,0.009603677694801416,-0.036980542497725866,-0.03741023390192133
2022-03-08,0.0022643786369556107,0.022042089586132407,-0.0018084917094899344,0.002597854304527525
2022-03-09,0.03264805210421784,0.019767170237915632,0.053053011899739655,0.025089703553457632
2022-03-10,0.015716788053399267,0.006921052502549596,0.016205760539474534,0.05207975429081113
2022-03-11,0.0029438453307597534,-0.0021360745288006022,0.002884303501148544,-0.0035919380596055595
2022-03-14,0.03275353938226422,0.03770581187787325,0.00821124443834309,-0.01675895418930262
2022-03-15,-0.012859237530027379,-0.02718558629308243,-0.02290335674850108,-0.010246269513101036
2022-03-16,0.016959345516710078,0.027238483219136578,0.016882201480491243,0.016656853230156976
2022-03-17,0.02202809596278743,-0.018418564693242545,0.03260040557760613,0.014429493367222213
2022-03-21,0.0043577808210051305,-0.000835664507217504,-0.005762358297724313,-0.02419068941589042
2022-03-22,0.005146466359869484,0.018537040231584756,0.025837038765334386,-0.028129890403359448
2022-03-23,-0.009972295831593425,-0.007947469884164948,0.0031801652075913456,-0.007499292125126011
2022-03-24,-0.024742134220716583,0.00763726922088126,0.015536446410978177,-0.006393599352006452
2022-03-25,-0.008144722079759581,-0.005379826992574888,0.006670238453342581,-0.006561880558212829
2022-03-28,0.0013276987272543561,-0.0014120670658566148,0.010054413733757261,0.011315884127633735
2022-03-29,0.013260839481715081,0.006457142946105554,0.0002290241904230328,0.006050380243101783
2022-03-30,0.017323301444727157,0.009517392682110826,0.019218005976697095,0.014519017709766935
2022-03-31,-0.004468672965049603,0.0015230838705242444,-0.014291464607160465,0.016245791494412964
2022-04-01,0.024245946581112676,-0.0017305161029502747,0.008008307927710234,0.014399767280663722
2022-04-04,0.10013281852800282,-0.010821903911850672,0.0029557510089801564,0.024204220303349455
2022-04-05,-0.029303485669803675,-0.011604091685316842,-0.014134582383567351,0.005332606081599023
2022-04-06,-0.03569093181646743,-0.01732844305421244,-0.002665587787149537,0.001051390831213972
2022-04-07,-0.02198807475780562,-0.009760262864482061,-0.017639879515964574,0.010620724118941771
2022-04-08,-0.0013845642458364393,0.001987877735316834,0.016635248801730063,0.008430367291974328
2022-04-11,-0.01221395964271621,-0.026479553897369,-0.0020835960883912596,-0.009161525327234799
2022-04-12,-0.0017712092830024506,-0.013642598060891964,-0.018830033346636244,-0.014239069682712935
2022-04-13,-0.019116273991746202,0.0035007968460698535,-0.0036703849699961655,0.009332695081530895
2022-04-18,-0.047441747979565796,-0.07271738044038045,-0.0030569123759056627,0.011848452101588025
2022-04-19,-0.038159889036731065,-0.0366350544492926,0.03811153414409452,-0.029664724648521212
2022-04-20,0.00901522201299887,0.01645328696642112,0.02940396312821303,0.024561570930629717
2022-04-21,0.014804467982311165,0.019588148901291458,0.02341409721766441,0.015242892885985793
2022-04-22,-0.013642768615083067,-0.020601739831011545,-0.008374961915478263,-0.03230277538484139
2022-04-25,0.007487707008208222,-0.015358316168597952,-0.02312586429151664,-0.012318290073478955
2022-04-26,0.004612741290209277,0.012747512207919254,0.02992568756776115,0.022658747849532812
2022-04-27,0.0003645107607683773,-0.01783695310339628,0.0009727626459143934,-0.0015127000658391454
2022-04-28,-0.0008744500354589402,0.01919108932672975,0.01493696186514426,0.04510266458071821
2022-04-29,0.009661993366017807,-0.009509710993761078,-0.010497108721624904,-0.0031224377584079255
2022-05-02,0.013794635522105025,-0.01693714771881316,-0.00351223268500489,-0.0019464463204491578
2022-05-04,-0.033981740083811274,-0.0035365375198062043,-0.03121793609790635,-0.02642917718233051
2022-05-05,-0.002249122332438014,0.03230106161449764,-0.01958304262477084,-0.0022793875041015044
2022-05-06,-0.02612828687363966,-0.026685296632662614,-0.007667876268517948,-0.00803104542831834
2022-05-09,0.0017077873817579192,0.017824103504798128,-0.039055240616792,-0.01514527654825304
2022-05-10,0.01606259869130766,-0.011048364017089862,-0.01733314910853423,0.030118557614865038
2022-05-11,0.0056298484100234525,-0.016902786302046557,-0.010243743480239265,-0.0077510112567377165
2022-05-12,-0.02254150747516137,-0.011756962953209937,-0.020373260537078552,-0.011416653609382044
2022-05-13,-0.00897886722884167,-0.0029162931872286357,0.011336251314518098,0.02585578438281977
2022-05-16,0.010647590632133275,-0.010170253444629185,0.00024712823111827653,0.010550952721016804
2022-05-17,0.006819583902924586,0.01971004855163283,0.0420031962164189,0.012515356783119547
2022-05-18,-7.624886963752964e-05,-0.006091855129765622,0.0036376079320419308,0.02066826758050455
2022-05-19,-0.020435273905450857,-0.054366501365157305,-0.02304659914171181,-0.011717753455520064
2022-05-20,0.026339322926685282,0.019619451749484762,0.05831010667867975,0.02711360331129975
2022-05-23,-0.012831634797128899,0.009105621852957713,-0.006687030539442085,0.023151901623162274
2022-05-24,0.01146472037365065,-0.018659693402820032,0.003433173865696748,-0.02947721846968443
2022-05-25,0.007467906732652185,-0.02120062888376606,-0.0014718309989760758,-0.004741176233347466
2022-05-26,0.028522118681156616,0.009571291817582095,-0.009532970403494323,-0.008047971935938536
2022-05-27,0.01854833086816665,0.026265149856603998,-0.004638435591648449,0.022103395994477637
2022-05-30,0.00682444257187198,0.04478727744870592,0.03483357723487046,0.00787343371002791
2022-05-31,-0.008990107073319709,-0.004765669129936034,-0.012064670176114234,0.001830492641133441
2022-06-01,0.004247943543951083,-0.01665996824252125,0.00032299576266425767,-0.019037290441085153
2022-06-02,-0.00699017742099195,0.019918143647197795,0.034478770781340984,-0.010245026599583151
2022-06-03,-0.003465277911601894,0.00908476500797084,0.020262010807302833,0.003129181560981742
2022-06-06,-0.0013403728755164712,0.005487569834509376,-0.004299322355894475,-0.004995667888709976
2022-06-07,-0.01149854407839157,-0.01526112305247973,0.0018790567222901622,-0.03021257451433612
2022-06-08,0.0035228771251460955,-0.004446625215194233,-0.017563907348014607,-0.006578878093771223
2022-06-09,0.0075325038318847515,0.009999807546204886,0.027422437323959548,0.00029576161144362345
2022-06-10,-0.01930763960645132,-0.02521435554960727,-0.030191987605799997,0.0010009332008789062
2022-06-13,-0.01813336875983662,-0.03541441441273718,-0.01891866020726285,-0.0013636370471170611
2022-06-14,-0.011005412212582222,0.011267082892359781,-0.013068603691759106,-0.01178923444418456
2022-06-15,-0.003468174574353,-0.012738230494152125,-0.012099930181863505,-0.002532467813456729
2022-06-16,-0.020000558211993757,-0.017578514086212138,-0.013981537125115295,6.971703012292885e-05
2022-06-17,0.006594730797010451,-0.007085474737433262,0.011718845411047063,-0.016886291569165324
2022-06-20,0.025121245207703646,0.019354181521849867,-0.018127231212341388,0.04048899139806639
2022-06-21,0.010891381691360724,0.025280066599294937,0.016141823704102665,0.004144083812963162
2022-06-22,-0.004713659511470847,-0.008724732885526554,-0.03037799619203374,-0.0009751481756509195
2022-06-23,0.0036834779631569337,0.010575754633922685,-0.01622367554714188,0.02258462282254503
2022-06-24,0.013968446265560042,-0.00781435814604603,0.014239786444206093,0.022773577549525026
2022-06-27,0.0018097011602375979,0.02324614847200901,-0.0029601293496103187,0.007270012088222533
2022-06-28,-0.007631224691530325,0.0037637957601504013,0.01406132548368988,-0.0012926735724553273
2022-06-29,-0.001448977390242634,-0.011417799671617157,0.02075004472980524,-0.0363298773279368
2022-06-30,0.003013648633323207,-0.000922741144334327,0.006007538384222855,-0.0012758448728606986
2022-07-01,0.004265451896270811,0.01197098137673902,-0.07202442202758896,0.023199990121708813
2022-07-04,0.0014035227420690077,0.005813030763466731,0.0020757506315312035,0.040681658739404325
2022-07-05,-0.002249908164101977,-0.008098081974868832,0.008099661897152277,0.01107276654498457
2022-07-06,0.01378833487898179,0.010637196069800625,-0.00879476691430836,0.040349867870002054
2022-07-07,0.017903295741449332,0.0047263068812208875,-0.009847133034801892,-0.010186571293399838
2022-07-08,0.0009313894312703574,0.010509113163041928,0.0013818513173577962,0.009664508096151048
2022-07-11,0.006477664039015174,-0.0272706519346545,0.013590266274953633,-0.002503022537603594
2022-07-12,-0.010205086605592273,-0.023453142658408588,-0.0014233763518933795,-0.01648198931042022
2022-07-13,-0.02439281993850473,0.004066390089073613,-0.017723974913045892,0.019676969035494762
2022-07-14,-0.0050078914531099805,-0.010799885911269458,0.008243899629901463,1.9953952578699585e-05
2022-07-15,0.008141810492720447,0.0010498233137357094,0.001939813281868874,0.028304957103533646
2022-07-18,-0.01064579295636292,0.04163308519081421,0.00851447941784289,-0.005839882119801021
2022-07-19,0.0003710826878060569,-0.003859207347025828,0.006130661944142357,0.005658663547025933
2022-07-20,0.012610887743786492,0.020988367521089568,0.02704022015437957,0.014233255951404455
2022-07-21,-0.0031502279662104504,0.011614796977376773,-0.006672093671831969,0.0011326560159132804
2022-07-22,0.023332801724346153,-0.017352554981877044,0.00675712664176098,0.012713627932698257
2022-07-25,0.0029442276516267185,-0.0017926470533210503,-0.033039127467183294,-0.006437890602648655
2022-07-26,-0.002040644482467324,-0.03488294275242698,0.0004544331900808718,-0.029158375150437066
2022-07-27,0.007641280846422127,0.013713262633391343,-0.0009496355890294961,0.013682104408048623
2022-07-28,0.008865081688891108,0.031508127379659134,0.01566616722187142,0.014775813250349712
2022-07-29,0.012245429896934334,0.021286460830324705,0.02130567297889807,0.006602694119457464
2022-08-01,0.008332128566917785,0.0008711773445988502,0.02606139673397223,-0.016834692669214002
2022-08-02,-0.010994669537542134,-0.004803390849884792,0.0038060500295493682,0.016293719112403737
2022-08-03,0.002342259252397394,0.014576528332226335,0.008395869167717729,-0.0033771314241347605
2022-08-04,-0.001185752441909771,0.021582258303495028,-0.013217722212743088,0.000609058592974776
2022-08-05,-0.003387229063999464,0.010469454253662525,-0.01473623871237506,0.006640367384751267
2022-08-08,0.02452616499554794,0.0017008953105441815,0.013082024086810362,0.001871133536067493
2022-08-10,0.002906917776384299,-0.010466814031585003,0.005979482210058729,-0.002848767962044696
2022-08-11,0.013230613915752087,0.010920754933225307,0.003330042740140593,-0.011011244497826977
2022-08-12,-0.0003701652533991684,-0.015957104213655482,0.01617087245821547,-0.00717356356608112
2022-08-16,0.011446639651816914,0.0014740125202672427,0.00695008716142409,0.019094828601434077
2022-08-17,0.005159211753615223,0.006138634987670644,0.005223984604447951,0.015182370163402403
2022-08-18,0.0011920178698492379,-0.014505904812830428,0.001813517822087718,-0.0009684962210375625
2022-08-19,-0.0123370859624512,0.008939112688746365,-0.017829698613499145,-0.017710284628771
2022-08-22,-0.015203715730709666,-0.013430555531646404,-0.002773740932514701,-0.002979459611017421
2022-08-23,-0.003094580489523713,-0.02110238306100065,0.01542240451035326,-0.012925140719915573
2022-08-24,0.004809655131523094,-0.003177052849664075,-0.002663595221220061,-0.0017356189477181205
2022-08-25,-0.0054315161888336405,-0.012585274263489654,-0.0029169885093265346,-0.005428437851014767
2022-08-26,0.00017068384009588655,0.0022396398321582467,-0.005338059948964857,-0.0010293105372112255
2022-08-29,-0.017541526566687726,-0.03930216577280665,-0.007773004064434597,0.0016526128440486065
2022-08-30,0.032443966866780416,0.021344324551399563,0.015514011713304798,0.03263069831197529
2022-09-01,-0.009386913522894336,-0.019257076819199415,-0.02939784287027991,-0.020245503867353132
2022-09-02,0.009068392825062999,-0.007649219347565905,-0.01167785855983361,-0.0009210240499007982
2022-09-05,0.0064287226519312846,0.0057124021824803695,0.015530560513620673,-0.001152089518615007
2022-09-06,-0.0038126197238491644,-0.004242822422331538,0.010526092407071586,-0.01057473318815827
2022-09-07,-0.004733430676651551,0.001752465686154947,-0.005814800933405473,-0.0033031333636655003
2022-09-08,0.010321679423963115,0.012520045010975478,0.0014136871470593615,0.004893436175751331
2022-09-09,0.0006678051613864255,0.024222564857437234,-0.006227194834202643,0.004481601919750222
2022-09-12,-0.0033698384828257932,0.016240503645856164,0.011189895091858082,-0.0032063175460210758
2022-09-13,0.0130896285668749,0.005695815990002684,0.008352388572605562,0.0024027650706515136
2022-09-14,0.01027690276053983,-0.04501758922921306,-0.011985911908203084,-0.005876192975787786
2022-09-15,-0.005200690174960498,-0.028873475845954566,-0.009909809112665258,-0.0042779060815226755
2022-09-16,-0.01837974085479477,-0.03890983908934831,-0.0247784508446951,-0.01259584552757076
2022-09-19,0.006598596317919592,0.009622041359793831,0.0013004342878666364,0.020212573122138755
2022-09-20,0.012045799249665867,-0.0012586887093744004,0.00015973988163797692,0.0016671043256231144
2022-09-21,-0.0015451979516185599,-0.008138228308766426,0.0027568975569711718,0.015501964156803494
2022-09-22,-0.02130608280804358,-0.006752528205569375,-0.009423251212734463,0.026356948311430095
2022-09-23,-0.026817029579562446,-0.001827634574380288,-0.01874418782570053,-0.003973774568563626
2022-09-26,-0.013484067372366071,0.010839101102827042,-0.02547655949056571,-0.008016129084315149
2022-09-27,-0.008971942715503722,0.009635787375464222,0.007950080626297318,0.00702860720430265
2022-09-28,-0.017187200600911834,0.0008252657995095891,-0.026624964797511752,0.00852852767001
2022-09-29,-0.005181594769000153,0.0028322326706491374,-0.003065419966566618,-0.000573539500785758
2022-09-30,0.028212803257645414,0.01058171156528398,0.02255618510721069,-0.001518304107444357
2022-10-03,-0.005734006856495055,-0.013937711581209489,-0.0034695675349981636,-0.027424925637741016
2022-10-04,0.028163182181001112,0.025578582070157285,0.018442674527366032,0.01733073961720022
2022-10-06,-0.01101170133594409,0.018014583582376398,0.0036878880907196265,-0.02022149770518622
2022-10-07,-0.004314530164247765,-0.0027145754516412213,0.004232009881936172,-0.005470596759166946
2022-10-10,-0.011042777922122493,0.007890144603709182,-0.010915372672779755,0.0022695954029718912
2022-10-11,-0.01014144050775001,-0.02656154017929313,-0.019910281793957707,-0.02108925035261
2022-10-12,0.0065326858462124715,0.0034415996380556813,0.007358265042692436,0.015956762467027374
2022-10-13,-0.011490899192839188,-0.006159507339479786,0.0031785911525819,-0.009628347565571627
2022-10-14,0.0325774536281227,0.038277385963803257,-0.0050781549032290485,0.0036627509421349735
2022-10-17,0.005246729911423387,0.010649555764984608,0.016050263379610463,0.005726381223416954
2022-10-18,-0.0018665096608075915,0.009228312768409852,0.01764384943980568,0.0045163403689563175
2022-10-19,0.010250304403033317,-0.012136719585271405,0.017399314267928734,-0.007397359171807061
2022-10-20,-0.006752856365686899,0.010401111840756094,0.0026867554653962067,0.006929989124510483
2022-10-21,-0.007040229667667708,-0.00026670923756422216,-0.01159733647262462,0.02037759985928611
2022-10-24,0.01560545581449424,0.011562896088030294,0.0033379320929181056,-0.030445976203492653
2022-10-25,-0.006947134404139521,0.005567149128773208,-0.015444452111831208,-0.02631048026382654
2022-10-27,0.002412371348415432,0.00937194790466167,0.003931914015251614,0.00542838736575213
2022-10-28,0.00295643028907433,-0.007021094245292181,0.030598023889040427,0.0020840505620469685
2022-10-31,0.02605058886687095,0.016124242130426847,0.0092827398189117,0.010478286953050864
2022-11-01,0.01105771889930951,0.022989544595446887,-0.007746356810989341,0.007143930358762818
2022-11-02,0.000627751525601461,-0.012523818275526621,0.006245422573760928,-0.013128232776776216
2022-11-03,-0.00439167422158504,-0.014517472538776222,0.0037319737090240057,0.011138499507019173
2022-11-04,-0.006898615735026259,-0.010942434250121202,0.014715315390143147,-0.010210669372811565
2022-11-07,0.007781372266233877,-0.004326331632014679,0.005341780160283527,0.004939754738799262
2022-11-09,-0.00029826449377423625,0.0024877897234503177,-0.000997440747196321,-0.009475711974651024
2022-11-10,0.010872975449355504,-0.006120941504174748,-0.012096681843701274,0.0019133343262480729
2022-11-11,0.05666493103727355,0.045374235681623576,0.023051412718534392,-0.004197212708259013
2022-11-14,0.002420613171849162,0.009681139804534222,-0.004844519604023323,-0.018077896131343363
2022-11-15,0.0024458258047317383,0.005487699959187742,-0.004486429982756501,-0.00012202501735492088
2022-11-16,0.00858553923983374,0.005520706766485084,-0.005733795836931788,0.008280900881433517
2022-11-17,-0.009033008713901225,-0.009608086776676461,0.0025844088404420873,-0.0072039986367232745
2022-11-18,-0.0026264129051948304,0.0037796084462025092,-0.0005386197937554682,0.009634109333450658
2022-11-21,-0.010254795105438586,-0.015815145789088048,-0.017997072656266044,0.007126498522328717
2022-11-22,-0.0014710505042644373,0.010744852438313579,0.005547157420140447,0.005716774451685058
2022-11-23,0.0026017979836410188,-0.001198739166265006,-0.0031190279767834284,-0.0033192127481136424
2022-11-24,0.01625865022118722,0.02946650105420323,0.008623415776582322,0.016671078131986983
2022-11-25,-0.004614966777460094,0.0035895030855193077,0.014927607167442902,-0.004589866599175929
2022-11-28,-0.010756324920724536,-0.007489530096167263,0.03436366937304314,-0.00482760107905289
2022-11-29,-0.0014997296183787423,0.0034804388547680087,0.0017173001319328307,0.04316481064491984
2022-11-30,0.006633673953174046,0.0036217064658161657,0.007060674714208792,0.019038278446704693
2022-12-01,0.006870144984373994,0.013547941942429587,-0.002947319926630776,-0.008009557809585788
2022-12-02,-0.007656659599519888,-0.011586566125084352,-0.00042230442082002995,-0.017931923391407034
2022-12-05,0.0036400296549246036,0.0011294246418307452,-0.014583997009362304,0.001816528888399116
2022-12-06,-0.0011159408947049032,-0.016374352903614997,0.0028890824869705067,0.013244841440144928
2022-12-07,-0.0004344218316018056,-0.004588060150969242,-0.014757203022760623,0.01989040766722283
2022-12-08,0.005619512320106601,0.009124994219433802,-0.00047160794490630487,-0.0007017183196218468
2022-12-09,0.007131958185676357,-0.03138610734330549,-0.015155157995265012,0.006209718693723776
2022-12-12,0.007786325949882045,-0.014082731313170505,0.0015330299535458725,-0.0018370133104019803
2022-12-13,0.0027680530622733457,0.016125940570738573,0.004554011770090405,-0.0025573922098356405
2022-12-14,0.008463120265442603,0.004611580093909495,-0.003619058827743382,-0.00946399049678448
2022-12-15,-0.01831835822306893,-0.02462947478334654,-0.014203835224500638,-0.00797110226716402
2022-12-16,0.00481046335044244,-0.011879550130481698,-0.0049450523116330025,0.003022415202478479
2022-12-19,0.003110463447414613,-0.009755485310939616,0.013135309128707418,0.0175195576762337
2022-12-20,-0.006900716578199129,-3.3197985387478646e-05,0.00865636218229282,-0.01602219822431461
2022-12-21,-0.009673158199748788,0.0014926959300987086,-0.014226981251128423,-0.0031221716371161445
2022-12-22,-0.0034309069232576483,0.008280735359134539,-0.0025923627994067777,-0.007819955722491279
2022-12-23,-0.008932750844121928,-0.01639248916789371,-0.02932731753745743,-0.009166918088344245
2022-12-26,0.019904160370967983,0.0035402639743329356,0.00873213872175782,-0.0013926552026691796
2022-12-27,0.0010126863156458832,0.008286745262389594,0.00818142979662917,-0.00924571583642042
2022-12-28,-0.0007970285586352821,-0.003102736808655915,-9.817982003534897e-05,-0.0037211431547906626
2022-12-29,0.00705610914187238,0.004900320558997251,-0.0004519882573852385,-0.006018687916553911
2022-12-30,-0.008011965507247587,-0.006161457939908854,0.0015332932511014086,-0.002725859503123429
2023-01-02,0.00033777881403751486,0.010476087520812527,0.011267364992849416,-0.001034720414881174
2023-01-03,0.006538978982526311,-0.0009512420842846536,-0.007317891727991466,-0.006390644179214644
2023-01-04,-0.017872784317476298,-0.01822620427585009,-0.01505633413059737,-0.0023405503891265056
2023-01-05,-0.006428517025823366,-0.013111955225623917,-0.0017866525640224395,0.018768742311587427
2023-01-06,-0.0033131626698144068,-0.018099327285230005,0.009088806927394222,-0.0028059635322565946
2023-01-09,0.0019442989605711336,0.02481884540961765,0.023611461150562674,0.01847500830312443
2023-01-10,-0.018278526381943716,-0.009902713334659752,-0.014787377906370525,0.0075455870112790535
2023-01-11,0.01441057391523981,0.00102077068973494,-0.012605356147565638,-0.019138797478147618
2023-01-12,0.005342880851787468,0.006354895354540702,-0.02159428868343527,-0.0012338834028414736
2023-01-13,0.000781463835832108,0.015568009301736074,-0.0016183155627307322,0.01310769636896758
2023-01-16,-0.00958984601885493,0.014531463268594447,-0.009523464256063208,-0.010251402908484919
2023-01-17,0.014886740973212298,0.009177442408667469,0.014197498093249994,0.02712656266711244
2023-01-18,0.017651950523341675,0.0038323740032408793,-0.0016541475775349035,0.006991280167252256
2023-01-19,0.004153000334631063,-0.004206134187664912,-0.0010706865920251385,-0.013569255721192275
2023-01-20,0.010248856889641722,-0.00867506910825,-0.011892980023979649,-0.03811683843120084
2023-01-23,0.007315128915696967,0.014716122469571769,-0.005056120707252032,0.01869532173774724
2023-01-24,0.013388307943105637,0.002519248591218437,-0.00590455764952269,0.0015791205638229222
2023-01-25,-0.027632007439699624,-0.005734874935477197,-0.013824847898207038,0.008402385457040529
2023-01-27,-0.019925326854371206,-0.01545679326993965,-0.018971282106560627,-0.0038897062688499906
2023-01-30,-0.0010211614075045228,0.012934724504260142,0.009583621676411358,-0.016844636026084325
2023-01-31,-0.006598000932095283,-0.0032816403111549652,-0.0025004678985186546,0.0033489285904162447
2023-02-01,0.014998584690208094,0.011312016608334918,-0.005926277951406433,-0.0009700682425262119
2023-02-02,-0.014869092376663673,0.02104956137359415,-0.005534516041554638,0.02354069608666598
2023-02-03,0.03458391670058503,0.009881639271999143,0.0008811040584817409,0.005275430999102992
2023-02-06,-0.004250055366388672,-0.018475773943131713,-0.007535504963843365,-0.004209412103805987
2023-02-07,0.0014832591950946217,-0.0047454955688496225,-0.002401047028049108,-0.013800509260288307
2023-02-08,-0.00012090146187870854,0.017985095885088898,0.019970515537710565,-0.007073545985812224
2023-02-09,-0.0020858218839863163,0.016661404405577063,0.0017431339471822849,0.0015097533699581778
2023-02-10,0.003968259238458227,-0.005225805295990593,-0.008234036648270271,-0.003556397687963786
2023-02-13,0.0007544868858879727,-0.02555102694334066,-0.00569190413209153,0.00135778100713968
2023-02-14,0.009256101518924087,0.016459989266921715,0.02356512026418578,-0.0005424365486538241
2023-02-15,-0.002031455667262816,0.0023850539690473127,0.022644042844642387,-0.012075536268780773
2023-02-16,-0.0036220362903054415,0.002974287635888251,-0.0007812022760469439,-0.00837748121597659
2023-02-17,-0.005017290032695798,-0.011237400137678821,0.00417681842558193,-0.004590320660484815
2023-02-20,-0.009390730109525847,0.005461560315546565,-0.010572776364152547,-0.0016101211402773652
2023-02-21,0.0037492476153424548,-0.008132128602636568,0.008159324635661491,0.0018714747735824044
2023-02-22,-0.019617330025090585,-0.0112061375396999,-0.022677896241544704,-0.00878327033210835
2023-02-23,-0.006783602597835392,-0.007107089475860473,-0.004792078452089177,-0.001363093422831363
2023-02-24,-0.008919450047138788,-3.226993095728492e-05,0.006842771040862727,-0.002589928780097117
2023-02-27,0.002486082079093288,-0.02666625860255989,-0.006649530243517776,-0.006460692306788696
2023-02-28,0.004206104035727742,-0.014410483496781312,-0.019131151815056424,-0.0030386774452813015
2023-03-01,-0.0009689488178985517,0.005714022968163812,0.009192431376295662,0.0022757620906810327
2023-03-02,-0.008510489966413792,-0.015975497347688106,-0.007615512057082219,-0.004419476929601429
2023-03-03,0.019849192330804843,0.0048567588662635774,0.025515360033077306,0.006373704764179866
2023-03-06,0.007054962233488782,0.019029243303216425,0.009767851220263468,0.005605098980286272
2023-03-08,0.001997145011317425,-0.009784728927530684,0.0035910547292890005,0.00010056305875294491
2023-03-09,9.189243776641653e-05,-0.0082400246399994,-0.024034585834806,-0.009537011872587375
2023-03-10,-0.025786428544261053,-0.0059781460518314455,-0.01549209106620808,0.0016455107800328328
2023-03-13,-0.012652151623876007,-0.024769683462091185,-0.016446486894984624,-0.004197910112936687
2023-03-14,-0.002677649974951457,-0.010522010982703112,-0.0037425427841808467,-0.0051525498849464
2023-03-15,-0.014351013606690333,-0.00024648939348670407,-0.017091854620705504,-0.014882569450763938
2023-03-16,0.006485432593264839,-0.010953474815197484,-0.004984319188088726,0.02213106232564588
2023-03-17,0.013370697947607812,0.011822624127287629,-0.0012577075470902033,-0.00485895974334738
2023-03-20,-0.006931015276652297,-0.012001104922879424,-0.00982878060210346,0.0260683460847122
2023-03-21,0.01133337533142642,-0.009226049399543856,0.03109598016976678,-0.019353192573786315
2023-03-22,-0.002310896293201803,-0.0010426151208232648,0.003040212329584291,0.005583587532760115
2023-03-23,-0.008027497129646677,-0.010581309361665237,-0.012650514405793012,0.0035334722338697944
2023-03-24,-0.0015994199225903838,0.004437991725892099,-0.019797168286955547,-0.0017303704710281975
2023-03-27,0.0043571370085973005,0.006011565544157049,0.015544801129586672,0.007336283307605385
2023-03-28,0.008134262092063249,-0.008171681678791676,0.00467032569577186,-0.006482487867296882
2023-03-29,0.004809565600916166,0.004319191584579718,-0.005916364960893761,0.019353226557514036
2023-03-31,0.013698174023454301,0.03209132399267656,0.04311539095900829,0.011656113457203077
2023-04-03,0.0006213568587991602,-0.011975312310020025,0.00017160067589228056,-0.009471347459107937
2023-04-05,0.026822969458410117,0.009001913188470656,-0.0024018820523238338,0.01839414009526985
2023-04-06,0.0076190993032589915,-0.0011591644005567447,0.006707157481502746,-0.006775510261731732
2023-04-10,-0.00474090320915177,0.004008755033776179,-0.007089624803590211,-0.012903278888012903
2023-04-11,0.002924522228514803,-0.015025244960461648,0.0049465897037950235,0.0061606339933262255
2023-04-12,0.012986152166622356,0.01575228116077798,0.004408607207367465,-0.007379036724284527
2023-04-13,0.004480927988546268,-0.027375265371304636,0.00377141109205148,0.0028668136135319155
2023-04-17,-0.015244112423186351,-0.09422689865779021,0.005073028064345619,0.006170728276826631
2023-04-18,-0.004230037474910464,0.0008343867181974662,-0.011446770011677598,-0.0042321208033748725
2023-04-19,0.0036756127788906134,-0.02155859743809241,0.004977879852029687,-0.0037189340265799675
2023-04-20,0.003722069384185289,-0.007141702343910761,-0.0025298377278542006,-0.015405341507851
2023-04-21,0.0016149290118421256,0.003228685595513925,0.0012575349612353737,0.0021462365802717986
2023-04-24,0.008091579518148873,-0.000855427349167881,0.0038314535552623763,0.0007204864968499702
2023-04-25,-0.014216709881623157,-0.0011416941583648477,0.007654621927436267,-0.0037202330539944928
2023-04-26,0.004596927550524876,0.0021634388820190864,-0.0058709069797153735,0.008171236148086347
2023-04-27,0.005502918175618987,0.015233452847668083,0.0063289973141367195,-0.016667991574004448
2023-04-28,0.003926293834057848,0.005215776255615534,0.01827910798766741,-0.004718592573963232
2023-05-02,-0.00020744744741074683,0.019716501881263948,0.008489923466938665,-0.00227897074758876
2023-05-03,0.003496921689420507,-0.0064972162466917505,-0.008582319348032552,0.013990314250669211
2023-05-04,0.020464797976405436,0.0034668360388090402,0.011528312266806173,0.008346752136134006
2023-05-05,-0.059121479294873436,-0.011346248114519786,-0.0025530981871192404,-0.0023935717106371435
2023-05-08,0.011564565632164125,0.005162329338036065,0.012347630862277859,0.006218087458545796
2023-05-09,3.0424178125709744e-05,0.004029789455158639,0.0030948473947995936,-0.0001987159367592417
2023-05-10,0.004621511607529438,-0.005862900564298945,0.006876347522725146,0.002742597111034417
2023-05-11,0.000665764255608936,-0.005659907178814039,-0.0065288493902317946,0.02762921933464879
2023-05-12,0.008831457889022065,-0.008677836927898475,0.0016326764032985608,0.011958018931645276
2023-05-15,0.004796700195606851,0.010560582887826131,0.00197247616640861,0.014808959093971508
2023-05-16,-0.005733932865148228,0.004728400118004794,-0.014241300029095627,0.005127372438662681
2023-05-17,-0.005372467945587656,-0.013762437852415266,-0.005909209148014072,-0.0052878856646630945
2023-05-18,0.003997681019772381,-0.0007218363849159637,-0.0021522954716333142,-0.01284849146962952
2023-05-19,0.001155028294473226,0.018378816920001206,0.003245615874567953,0.005289788522501615
2023-05-22,-0.0035520421746081388,0.018835219159284433,0.005344041438350988,-0.0012681879068576762
2023-05-23,-0.0023461466244922846,0.005608161801326617,-0.00018329019356977394,-0.0037148710304359955
2023-05-24,-0.013071003261385217,-0.0010768228089375054,-0.005825866035288563,-0.005079394600802312
2023-05-25,-0.0038372222471628747,0.004388895857883268,-0.00012285865672989615,-0.006768605793955218
2023-05-26,0.0038520032396902604,0.01004341778118012,0.027275220580957216,0.02121468708334051
2023-05-29,0.012191928491566584,-0.002315118009605377,0.005625162107645965,-0.00077295399774302
2023-05-30,0.0007644363655638919,0.007189588395934976,-0.00025770822568849105,0.002358212544499194
2023-05-31,-0.01582405986447244,-0.004192261849246259,-0.019861654538038565,0.004140948396650135
2023-06-01,-0.004252394642989432,0.000910184097730582,-0.0026923057679711926,0.011377326051454029
2023-06-02,0.001558579211589306,-0.0023042044543212237,-0.0032679970226491273,0.006968457037908937
2023-06-05,-0.0013071374689305193,0.004234182783200424,0.008980924057308881,-0.007693102296325138
2023-06-06,-0.0031165401017552163,-0.019547840977128694,0.0008477076919088944,-0.0017250338395442544
2023-06-07,0.005189429397105982,0.00777956622802134,0.00758260018575907,0.00930815797813267
2023-06-08,0.0006219969655048008,-0.004771136296185419,0.000600378293168502,-0.01336413098325695
2023-06-09,0.0011810913176000248,-0.013135645784926542,-0.007080814898245191,-0.016306587293052677
2023-06-12,-0.006084658053013947,0.02053791612430933,0.0008862589276679156,0.002750280192516552
2023-06-13,0.0016865667957062236,0.009984978185966442,0.01477372771755836,0.012275534215162365
2023-06-14,-0.0010911868041845185,-0.0034101451483967704,0.012297471896821177,0.008539257614116114
2023-06-15,-0.012299110743969277,-0.01045839183304631,0.00027423849864272043,-0.0033535109134172902
2023-06-16,0.013084263371677451,0.003769022898592045,0.009735376097337323,0.009647979669985984
2023-06-19,0.0008735964828971987,0.0018194699384923574,-0.009932419150110228,-0.003860943845762632
2023-06-20,0.0020883484730254143,0.007264247151969494,0.0020768840843281566,-0.002664657000542525
2023-06-21,0.01748049296768195,-0.0031072675409442585,0.0028157582024113115,0.0001867848285133089
2023-06-22,0.004891173284542916,-0.013699246898201456,-0.011231303118002134,-0.008312786654891324
2023-06-23,-6.081008181513248e-05,-0.012913934187652298,-0.008183685647468852,-0.0048034051781469245
2023-06-26,-0.004837332834825792,0.0042290826090845,-0.007634925977966556,0.0039748842419899955
2023-06-27,0.014093196335026814,0.0069273541448995335,0.0003606237995130712,-0.0002829075962199612
2023-06-28,0.010581186649522234,0.01110101780396433,0.01323883876231613,0.003734111310557564
2023-06-30,0.015064278203594794,0.032589871729712394,0.008203202371324547,0.006350381636686775
2023-07-03,0.010814635018806085,-0.0013479033351565528,0.025664181521793505,0.008550686482999836
2023-07-04,0.004884242561759677,0.008585165526136196,-0.01030327810008047,-0.00038887365864181955
2023-07-05,-0.03176706234507565,0.0015983792769289629,-0.0016416941328736279,0.020685329078819814
2023-07-06,0.0010158035041525348,-0.0025236080344748224,0.02099055076483536,0.0004534488985599161
2023-07-07,-0.0087164050149392,-0.010194153480302504,-0.0019517418565604405,-0.021399180580972677
2023-07-10,-0.0023790001811219152,-0.000789308894245333,0.03852147488146129,-0.015399911162464197
2023-07-11,-0.004859623282415626,0.014633384047161302,0.010840709181516583,0.010521362177053462
2023-07-12,-0.009372826559979397,-0.011345089797219488,0.001103159985405222,-0.0040418186364222786
2023-07-13,0.004990999338124524,0.023850540010707633,-0.008942220765861486,-0.007087701117869272
2023-07-14,0.002071702389530694,0.04457540560647755,-0.0008384449485626666,0.008362475855193452
2023-07-17,0.02091838565940174,-0.002103818621815301,0.020432742260151127,0.0017932359291372713
2023-07-18,-0.0008338966932449621,0.0367194330514784,0.008492129504710899,0.0004100877934838376
2023-07-19,0.004530526430984061,-0.00016935905420156772,0.007587387976039306,-0.004174533495978183
2023-07-20,0.00216604012821775,-0.01725480692299164,-0.001211037942988158,0.011846663603163554
2023-07-21,-0.007698032749288708,-0.08133839039061608,-0.030955965321050605,-0.03671502406588034
2023-07-24,0.0015813873591103977,0.003754873203502207,-0.020226502605910968,-0.00912051735767716
2023-07-25,0.010843659380137982,-0.0014963709040284323,-0.0006431705396791054,-0.004689729503405959
2023-07-26,-0.003477519392543149,0.01067739416206348,0.016252203718226443,0.00589946989307899
2023-07-27,-0.010380290176704832,0.003187889937570132,-0.009302385387089496,-0.005206648133596614
2023-07-28,-0.01772104812771147,-0.009348445746649059,0.010049182330504003,0.0057396788615984295
2023-07-31,0.004684988110673416,0.011338970888447042,0.008465585214574523,-0.009208375686928227
2023-08-01,0.006692061040070918,0.007007375356339329,-0.014141436935268481,-0.003787930016501684
2023-08-02,-0.013084549374985155,-0.0061163188588349016,-0.010683428437022635,0.0069969978275712386
2023-08-03,-0.007223341857133692,0.005490710223426731,-0.00420311666495965,-0.006870509557594162
2023-08-04,0.014459822172891101,0.010298314977649659,0.013590948581271745,-0.00207733677847477
2023-08-07,-0.0005750745424847326,0.010628771383728086,0.005698415839803683,0.009112368382343528
2023-08-08,-0.0008175188838447367,-0.0020101574162566527,-0.006022661760666237,-0.0013039518634329061
2023-08-09,0.0003636218373070932,0.0030211646569484607,0.006597145826327866,-0.00532002281722177
2023-08-10,-0.008876145724288742,-0.003800925058555893,0.004455224318069995,-0.006073050380697276
2023-08-11,-0.010422694981517044,-0.012418201345792967,0.004218343434801541,-0.013757992518240836
2023-08-14,-0.004880035255768078,0.015818144206679374,0.011817253835036734,0.012511038483137726
2023-08-16,-0.0029178313525133337,0.01790393719468142,-0.0008148036615654997,0.007698087395453301
2023-08-17,-0.0055408954850960646,-0.004899534801008687,-0.014426438691222288,-0.0036631038025889406
2023-08-18,-0.004100669975360405,-0.01611707502920856,0.0074074645788466675,0.004521782502007632
2023-08-21,-0.0007857806480298102,0.011952789394801488,-0.010911472024133229,0.003131524958772003
2023-08-22,-0.0042781526683173254,-0.0011740289557529149,-0.0002381622852911658,0.0011901454224381158
2023-08-23,0.0024641376231173684,0.0029918109450768338,0.0011115579965241817,0.003215243957227054
2023-08-24,-0.004601026733956459,0.011115493847391189,-0.016810815772554277,0.0027971803281652274
2023-08-25,-0.011270786983861525,-0.002458475292907658,-0.004617271164842673,-0.006856995468086935
2023-08-28,0.01040666211866248,-0.003133484710136636,-0.009966174806111505,-0.003062299248963396
2023-08-29,0.007954387433224852,0.001412718542487701,-0.009575413560518165,-0.011562331587872787
2023-08-30,-0.007294236156987988,0.012344440411396151,-0.0009503221131553774,0.0022959928831485232
2023-08-31,-0.004592395616268896,0.00020886488386673285,-0.004569747740646446,-0.010624180696102825
2023-09-01,0.00206820266179486,0.005851949646592969,0.002347253981791031,-9.997578501885762e-05
2023-09-04,0.006255110956895793,0.014717562875967038,-0.0008083394661170251,-0.0013572889221739048
2023-09-05,-0.006089994829196588,0.009419073201954564,0.005351368908475873,0.0022587821897901428
2023-09-06,0.01308012136922776,-0.0009804055881484919,0.0021041352747233066,0.006561385802289266
2023-09-07,0.009620867137301481,-0.007614545348207047,0.0013587781739694549,-0.006360171127205327
2023-09-08,0.007790939072330305,0.002318958778357194,0.006661231207662377,0.002532563593424353
2023-09-11,0.00517435481352968,0.004661151658346352,0.010783441020392859,0.008930618549769065
2023-09-12,0.0031253811023543854,0.016695550864208597,-0.014446761148519838,-0.014746058391758021
2023-09-13,0.004276387214872557,-0.001832146688294567,0.0050022800265721035,0.0030812881482782384
2023-09-14,-0.0006083775567076177,0.005739627897596966,0.0009180560156307749,-0.002294045771616182
2023-09-15,0.011473637064266073,0.0030858283575312395,0.0018546716928957707,-0.012436049889715695
2023-09-18,-0.019678066002453365,-0.013098635794368985,-0.00870680125733403,0.007673010051098883
2023-09-20,-0.04011553185526873,-0.0010390253309194852,-0.0222865601180271,-0.008759678683694871
2023-09-21,-0.006618863491912319,0.007716790797510642,-0.0072833557185788544,0.0026350127077809926
2023-09-22,-0.015257291418574792,-0.0037290032484035285,-0.004165271799526971,0.0036790092391649765
2023-09-25,0.0008825077855956209,-0.01470450151656455,-0.0061572107428239375,-0.0026585380404153813
2023-09-26,0.0043436155995120185,-0.009157727872798893,0.0008759265877027467,0.0012520658982930755
2023-09-27,-0.007023662203600622,0.004347252551820002,0.011270018876538002,0.009197338188257298
2023-09-28,-0.002063155778364134,-0.018779634290899017,-0.014690325779737057,-0.016548243792058215
2023-09-29,0.001706396405381172,-0.0027790006988283045,0.004669850049054958,0.002133958695072824
2023-10-03,-0.011957001734727912,-0.0010100817487593838,-0.011449981929621433,0.0013381956749003443
2023-10-04,0.014256853812828485,0.007217512911072976,-0.0017255378969222024,0.015776326914997973
2023-10-05,0.004053433341304036,0.013223869554610745,-2.146103066547056e-05,0.004665274683145038
2023-10-06,-0.0011070334309818408,0.010420633984858263,0.0016853143179538232,-0.007997375582246558
2023-10-09,-0.011603242808233216,-0.0021978175538301947,-0.00852037372689518,0.004760980988959496
2023-10-10,0.005671850581768556,0.013351906926147628,0.0044164020219183975,0.0019513144974536711
2023-10-11,0.009673184123076162,-0.0005015669817621804,0.01587683523392247,0.015976396455565034
2023-10-12,0.0066575527809082935,-0.019338829425555426,0.0018549401993832593,0.0002347582783381874
2023-10-13,-0.009097645085073824,-0.023439258904626725,-4.2488402716811535e-05,0.0048690296620546025
2023-10-16,-0.0040045290749846085,0.002096174448816601,-0.002234627352987295,-0.004339377547774914
2023-10-17,0.00758361407287933,0.00578755301865419,0.004777994241699002,-0.000840642780059575
2023-10-18,-0.013917775630802653,-0.0013171707061606641,-0.013268249757609873,-0.0030903765266468985
2023-10-19,-0.0031583486863590027,-0.004789889862804708,-0.0076807851937111815,-5.892797935957983e-05
2023-10-20,0.005181659336024547,-0.004464314961632132,-0.0030569663733699404,-0.020780284883362365
2023-10-23,-0.0109993044804918,-0.013031833133872905,-0.01561488436635139,-0.004668925686145298
2023-10-25,-0.006341228754115691,-0.014813386027026976,-0.0023197496749042257,-0.002496522258844225
2023-10-26,-0.02211823972750715,-0.007736906878955452,-0.013928537075740377,-0.0003633811157417455
2023-10-27,0.003929144893740633,0.01537396309473249,0.017651053253678883,0.0022815854937041635
2023-10-30,0.010856640609306023,-0.0023906373612706533,0.020610826539901428,-0.0012690355329949554
2023-10-31,-0.005790817563794626,-0.006281707699499983,-0.010637840928906295,0.002057204914228894
2023-11-01,-0.0013546199802690895,-0.01041369305093287,0.004152242408533846,-0.004730254190554506
2023-11-02,0.0015260902994831405,0.01181567700385977,0.009924260243279637,0.01326285320128573
2023-11-03,0.004739978425056801,0.013794164902540595,-0.00021554159244552284,0.00902767897371759
2023-11-06,0.007245301564648754,0.010258688191322696,0.008320058796743801,-0.0047225904982534095
2023-11-07,-0.004851215653003393,0.0007125794100326655,-0.0064984673137140625,-0.00038033142051219215
2023-11-08,0.0028913516603992218,-0.009470774580397245,0.005206983744271199,0.00917294849676975
2023-11-09,-0.003955674496732953,-0.011646356955474557,-0.010852309749265876,-0.01692903450252292
2023-11-10,0.003937574762176821,-0.0043278802376355285,0.001882637219176475,0.003977131519660837
2023-11-13,-0.0018101617444221674,0.003433478471448481,-0.00012947161385568062,-0.0033782779821299735
2023-11-15,0.01047812576610907,0.02690109935891627,0.01808076231826261,0.0033291615710289157
2023-11-16,0.002625607845503364,0.024388674884220585,0.0018035002584666504,0.0019306053209748875
2023-11-17,-0.00215463907069835,-0.005086927811151498,-0.0021814467130196746,0.01509302481746655
2023-11-20,6.649056126240005e-05,-0.0006608633185934965,-0.002632123295775446,-0.008838172333047623
2023-11-21,0.008470673090441805,0.0016705855689178595,0.01257788610447208,-0.0004787648297329694
2023-11-22,-0.0035574076896880413,0.013064673849857655,0.00390938015463238,0.006646005499061802
2023-11-23,0.0057849269092067335,-0.005864968873303789,0.003056745698208463,-0.0007930529578280554
2023-11-24,0.007099064187221948,-0.008176734457577939,-0.0006679695304399047,-0.0018651281616330895
2023-11-28,-0.0022517098966231552,0.0036871950721653057,0.00020890580732335629,-0.0018487214769451477
2023-11-29,0.019952268871513246,0.011714159559114368,0.0026311061615269526,0.005775550574621979
2023-11-30,-0.00022452685217688728,-0.003048752819238776,-0.009684649125605738,0.008118779264820741
2023-12-01,-0.0021811638549662504,-0.0019585196195146537,0.007087507058043396,0.00711037213843646
2023-12-04,0.034717710317245354,0.00829710585440857,0.010817323940885748,0.015076224813785233
2023-12-05,0.008885303923875876,-0.007102079089509661,0.007251440757797489,-0.015006018261440213
2023-12-06,0.002525183527656738,0.013996364341686274,0.009578608332192262,0.0017166710075586789
2023-12-07,0.001627813470197692,-0.005697711580159637,-0.0016456922559496823,-0.019239432037201243
2023-12-08,0.013953300717380435,0.017224970659175387,-0.0005291549068306978,0.0016081706152464292
2023-12-11,-0.00133074725580129,-0.0017771876125954877,0.0014659575872411068,-0.007393906189236632
2023-12-12,-0.009933327645070933,-0.00836407523431748,-0.014353392074680338,-0.00035950078171953503
2023-12-13,-0.002263609068225092,-0.01832601970112857,0.004084051943815892,0.003655965655943616
2023-12-14,0.011803272076290616,0.03619748550792412,0.01240778923904351,0.0017715801526638764
2023-12-15,0.0038784834058342987,0.05125043339711888,0.012763098206618473,0.002602912839738236
2023-12-18,-0.0005131528114894479,-0.00890155220129396,0.010177841437828183,0.0049944055742081606
2023-12-19,-0.0016910860217107526,-0.0038672388282260384,0.014716492003557846,0.009938867319050804
2023-12-20,0.0024804965836773274,-0.01405383708514596,-0.012098856702907224,-0.0012497583997481687
2023-12-21,0.017923926599377804,-0.00026037362580710877,0.014008005188961281,-0.0016813043848145082
2023-12-22,-0.00939702267759479,0.017513048159157663,0.000975495649561342,0.00877340458041953
2023-12-26,0.006942588368036295,-0.01212490485239437,0.0050680770292224064,0.0035524578513592697
2023-12-27,0.012392646004578456,0.014994019242407619,0.003413499193204217,0.009111120309650556
2023-12-28,0.0011447588121542562,-0.002839614284458447,0.007228914051542468,0.009776556783402945
2023-12-29,0.002345735571300356,-0.012638759075912054,-0.007906275927161754,0.011447179587493084
2024-01-01,-0.006523332163595685,0.005476490471838957,0.002050317565037041,-0.003453422332285183
2024-01-02,0.0005888843352037654,-0.010925855672553775,0.008281024461512132,-0.015425217707971672
2024-01-03,-0.01541992926592517,-0.028936296069155598,-0.010874114574227378,-0.002773653628027506
2024-01-04,0.010729947827502473,0.015234835862886209,0.005167804929185005,-0.005371182619913761
2024-01-05,-0.005115871438293285,0.013122209944325558,0.004255436169599225,0.01060739200094063
2024-01-08,-0.011146021475242018,-0.006361902674341446,-0.00780367992130282,-0.015953844850658205
2024-01-09,-0.007785072467266785,0.004268423746006,-0.0026475651835438097,0.000581665543805121
2024-01-10,0.003302071110967697,-0.006146581277608587,0.026971641696151405,-0.0009109286071266043
2024-01-11,-0.004197090659714187,-0.016909046191989408,0.026300758847864092,-0.015985102060482093
2024-01-12,-0.004730128189071481,0.07934017113444636,0.007960167005252261,0.0030755179725234782
2024-01-15,0.019254341307271883,0.02439929676171171,0.01707119668180246,0.01147788656653792
2024-01-16,0.003795940875719328,-0.01243865441528258,-0.013987218673823132,-0.001593272181621308
2024-01-17,-0.08435809341365952,0.005301601879413864,-0.009493609453543828,-0.0024133464801543436
2024-01-18,-0.03339848352508856,0.0014632946362607147,0.0046821941337151785,-0.005813752102082903
2024-01-19,-0.010429558000267791,0.010105922760389907,-0.0003654929169152332,0.006828936436223065
2024-01-23,-0.029442808304260493,-0.010276015787932913,-0.028428887262075042,-0.07400412015786939
2024-01-24,0.020002131059821737,0.02024779435501367,0.011516085966515988,0.027825273620879054
2024-01-25,-0.014424018653870885,-0.0037602583857280214,0.006845933178860397,-0.005467653447531418
2024-01-29,0.013763988567043084,-0.007489143095591344,0.0701919247384617,0.0066301793719745206
2024-01-30,-0.007115055564845263,-0.0031087929608976106,-0.02791688614306631,0.005829507122299793
2024-01-31,0.012635858315975579,0.005722347514822923,0.013497969345249272,0.009314081886238057
2024-02-01,0.0025980566787080495,-0.0023179615783353036,1.7492727528489738e-05,-0.0032035269400652044
2024-02-02,-0.013775593195995861,0.021906402785905943,0.02176420943174051,-0.008489702574128288
2024-02-05,-0.000898995105422129,-0.0036319252716258132,-0.012811220568737403,-0.013495961087175545
2024-02-06,-0.0005189887501556578,0.0250413966265135,-0.007800377506025469,0.002831283138918339
2024-02-07,-0.009798637799016019,-0.020642373816693427,0.01005047344215071,-0.000371059711216315
2024-02-08,-0.01881185920887074,-0.0009742233194823813,0.005529874015297365,-0.0034631695755612535
2024-02-09,0.00039197891564124454,-0.013444820038360339,0.007326965683905007,0.002937332518651914
2024-02-12,-0.00968927543013598,0.006439729343466816,-0.005750482688546277,-0.015881884687572345
2024-02-13,0.00320149928521829,0.0026487854464076754,0.00877883789938716,0.0035004042237156696
2024-02-14,-0.007458058136613599,-0.010893325506629026,0.01110852800051143,-0.0025273786853944324
2024-02-15,0.021675454822285056,0.006091689123435051,-0.0072737286445034854,-0.01553631371713049
2024-02-16,0.0041369526327172945,0.015092406796300528,-0.006817009904393712,0.010379334668276563
2024-02-19,-0.0019720111604841772,-0.001116591661557531,0.00919165801293964,0.0050098638547164676
2024-02-20,0.026250856430570124,-0.008530698356875144,-0.002018250245764741,0.007100558517510347
2024-02-21,-0.010417344205750023,-0.01762336698807543,-0.0022603421318484473,0.0012478149630859026
2024-02-22,-0.013619080318770682,0.015583905381688412,0.009572788452789194,-0.007893263364276981
2024-02-23,0.0007395517104253901,-0.0026764387828048797,0.008014184592298523,0.0025126726824551415
2024-02-26,0.0011966768727453836,-0.009959227472218557,-0.004218038408665636,0.004239521440667859
2024-02-27,-0.0015115588901156718,0.0020781237283511445,-0.001126091703419485,0.0004366865818656862
2024-02-28,-0.007569684636121066,0.0045984607832558755,-0.02021009316342781,0.006755767171001459
2024-02-29,-0.004257064693109935,0.0015855922177026027,0.003555305238528872,-0.003819669230418765
2024-03-01,0.019488318100628454,-0.011470203316646055,0.021443669898941753,-0.0010778626538777702
2024-03-04,0.0013628291317000496,-0.01057598122799952,0.010237097069856427,0.005104343083747631
2024-03-05,0.005688685947448091,-0.018751370888719365,-0.004776469739736444,-0.00914526822493611
2024-03-06,0.0012145419791167456,0.006878342390394643,0.0018664767112457348,0.00039568431469305665
2024-03-07,0.0024262256836158347,-0.0006800235387723896,-0.01601793214046021,0.007809991047456277
2024-03-11,-0.012654776329993234,-0.009805672980777391,-0.008333895107949685,-0.0122749304468327
2024-03-12,0.022236930769617524,0.007715970838951591,0.006017406118389745,-0.004895945983231842
2024-03-13,0.0005824146923627538,-0.0009609403730790333,-0.029313565099640226,-0.02756332562938313
2024-03-14,-0.0033893600091833287,0.026002241035344875,-0.0004887609143089389,0.009513102663846196
2024-03-15,-0.0019238436792047287,-0.011673691082319748,-0.009256217833324754,-0.002955566059643422
2024-03-18,-0.004543490325907618,-0.019185886357825366,0.014983453782571932,-0.01192157148037798
2024-03-19,0.0022821139254969314,-0.025707632902212785,-0.009882018608837861,-0.014348193981406854
2024-03-20,-0.01262631193685071,-0.004162684804024486,0.012980164045918174,-0.011028090630944454
2024-03-21,0.010272124715075215,-0.00016083475966277572,0.005004333289521323,0.00017853057662287064
2024-03-22,-0.002005883442723122,-0.02949108740082962,0.002791288774545597,0.006332813818179961
2024-03-26,-0.01209412601694082,-0.01073670838624552,-0.009243953128739935,-0.007334587468539988
2024-03-27,0.010733823622926408,-0.005895494281548896,0.03556884737295585,-0.00013367088190019416
2024-03-28,0.004997510845475395,0.009569627860303243,-0.004689041202339594,0.01100589502099325
2024-04-01,0.01560888867914012,-0.0017356662300310743,-0.0007234527913171362,0.00951706592770063
2024-04-02,0.006562413278587531,-0.00842547366494728,0.0014647607470079649,0.00034985933230413657
2024-04-03,0.001452567366525992,-0.0014835919182473178,-0.010323074649119857,-0.009402168571201575
2024-04-04,0.0305606388803219,0.0040860291048945285,-0.005894959922180698,-0.00011032306762459587
2024-04-05,0.014368904588213605,-0.005112033499656721,-0.0019310927466680283,0.000883021762776437
2024-04-08,-0.0019037653994998793,-0.0016225835545899958,0.017721365828398783,0.0008822427232517693
2024-04-09,0.0012608270930112297,0.01229087663509909,-0.015023706655197921,-0.0021156292179148606
2024-04-10,-0.007878396462011494,0.007994120359654744,0.010880322529483566,-0.0014354316941550538
2024-04-12,-0.011325568095633676,-0.014633690066634064,-0.008397700983963752,-0.012649548517361109
2024-04-15,-0.01596498077857267,-0.011180237377859337,-0.0015847512239508532,-0.01713509394406454
2024-04-16,0.009734568524593756,-0.0365766922100903,0.0006315330845154676,0.012192169899622352
2024-04-18,-0.009640720272474868,0.003393493325861252,-0.0009722404490967174,-0.0027016138861845063
2024-04-19,0.024486618230647794,-0.005636756347907501,0.003961000316043073,0.007585335018963413
2024-04-22,-0.01247308458483487,0.015234762327946072,0.006614921658523842,0.004436250159669308
2024-04-23,-0.003042013319809911,0.0067353387509923035,-0.013869624014868687,0.009480273334793843
2024-04-24,0.002719563002814951,-0.008076895349792945,-0.006270052120062264,-0.0011048786561119739
2024-04-25,-0.0006284387244414047,0.005381749232835187,0.006757890722983495,-0.013007240964232891
2024-04-26,-0.0006286651388556219,-0.00570047841179655,-0.005085633263730904,-0.003675901024746131
2024-04-29,0.013047983560999787,0.0031462317505175363,0.008588217363141082,0.0015522734162181084
2024-04-30,-0.006145737341784807,-0.009897028361793403,0.001348149172575308,0.0019538451342606677
2024-05-02,0.007992888203055326,-0.004294239516216436,-0.0003067085032111283,-0.0018604245605490233
2024-05-03,-0.00825598735884614,0.0013080064378603318,-0.022195003295895632,-0.004154890328505134
2024-05-06,0.002007227226075159,0.006778120826045564,-0.010094119657954703,0.017658586692762546
2024-05-07,-0.010836286317010613,0.010554765976117375,-0.012715546989404691,0.054605091306241915
2024-05-08,-0.015602790656337517,-0.009472852798888876,0.01218370953242398,-0.01611738817394681
2024-05-09,-0.023707561259000087,0.008582572527693788,-0.017218421926975425,-0.006578408751279463
2024-05-10,0.00693283975520953,-0.010176700971486818,0.009540091317467692,0.015866671373819363
2024-05-13,0.012066123191257994,-0.001017665471503948,-0.0033572841312036195,-0.0008044058023646272
2024-05-14,0.003916848593604971,0.0008780920500286449,0.012386827299672554,-0.004680765408289322
2024-05-15,-0.01536677714591983,-0.0033341199104232055,-0.0026758565755491404,-0.011193367320530334
2024-05-16,0.015119970504954061,0.02352195538603019,0.006407604267281597,0.008543839898611516
2024-05-17,0.0026365124242591076,-0.00622690203967502,0.007261382286290585,-0.009730491138883468
2024-05-21,-0.0036198379834736505,-0.0070276063637967345,0.0002960990307985245,-0.004159090376316232
2024-05-22,0.00027415530208174665,0.01439880267517557,0.017077215786275746,0.02432180676976814
2024-05-23,0.022889141038807015,0.012097940250736183,0.01738947961730397,0.006590791623450665
2024-05-24,0.016481357665961927,-0.004958003030705371,-0.0039030100181525196,-0.005645183523387165
2024-05-27,0.006920644688955591,0.004265919307283372,-0.009457826453420637,0.006521669439940148
2024-05-28,0.0018328648540426595,-0.002922404011078461,-0.006854253936252164,0.004801697169952268
2024-05-29,-0.014505026062158644,-0.010974454128264366,-0.010592644620828318,-0.009411756894840972
2024-05-30,0.004342587096262562,-0.016196364474939884,-0.01105306884443924,-0.009269404047965835
2024-05-31,0.011024222554699481,0.00532366538105844,0.003895159819125249,-0.00950474544387192
2024-06-03,0.026541674437006613,-0.0007108446312953376,0.055875984996647254,0.01152809818327194
2024-06-04,-0.056640327834704185,-0.008713186629459524,-0.07485139657931561,0.059595176233285585
2024-06-05,0.046286584690063304,0.0261541609692979,0.016800579588873044,0.042643125748959676
2024-06-06,0.005090880916502893,0.02947357562319075,0.007636714874355022,-0.02042079537328556
2024-06-07,0.008751652213627503,0.04167081613015022,0.02678814369268001,0.011060609948712274
2024-06-10,-0.007658785181035688,-0.02207215869700463,0.000986523838947706,-0.004829612893433088
2024-06-11,0.002241775711910865,-0.0026671709717033254,-0.01000748777380378,-0.0035083430915106018
2024-06-12,0.0059751990339891314,-0.0070533655664415384,0.0045651338338099645,-0.010816315838389712
2024-06-13,0.004192645832201469,0.005891474901685623,0.0013156074027589337,-0.016332428839745727
2024-06-14,0.010216711590982808,-0.003380244078900918,0.008394474272240382,0.006637172021119797
2024-06-18,0.006825765731850675,0.006246218387639502,0.00235186640515872,0.002621276431793218
2024-06-19,0.031129382910621395,0.008777173229963964,-0.015107785783289307,-0.011764751572552967
2024-06-20,0.006936678673735708,0.0026796956045893605,0.010317713936087491,0.010256318505677875
2024-06-21,-0.0021564940878732175,0.01141615766459636,-0.013232038129220913,-0.016477136449165264
2024-06-24,0.003992292204048509,-0.0036210766197850575,-0.00875050909627828,0.00036855977954286523
2024-06-25,0.023289831157372154,0.00969126890356553,0.008793131420791411,-0.0040945941348273784
2024-06-26,-0.005755713328143508,-0.000810627413827314,0.04117521720062789,0.005509381410395475
2024-06-27,-0.0031442759121885766,0.021191608758473368,0.010914635166324516,0.006767145405674357
2024-06-28,-0.007281212531948689,-0.004194857927272033,0.02276964031814055,0.004427165653170029
2024-07-01,0.012709388172890135,0.015350341875290718,-0.0033538119265674737,0.012959615495068633
2024-07-02,0.014895582820719344,0.019015515587712084,0.0032208997154759,-0.007963687080005055
2024-07-03,0.02198662685196151,0.003917288164378974,-0.008146097436494082,0.010140244030871326
2024-07-04,-0.02346420080274736,0.014286543053500411,0.0010306439714371507,-0.005736373784188786
2024-07-05,-0.04576909350840774,-0.0019387052246776504,0.02226477856019149,0.020453254387268638
2024-07-08,-0.007736237042838878,0.008619488892513294,0.0077268379751467275,0.015763523994809514
2024-07-09,0.0007032963179265384,-0.0027081927049641408,-0.00663697862976842,0.0011596346566447036
2024-07-10,-0.006354959680527461,-0.005370673488082067,-0.003804370034202087,0.007837376545868358
2024-07-11,-0.0025829291093619755,0.002699797290653505,-0.00225658996090794,-0.0006128476859353915
2024-07-12,0.0004932494765281792,0.035729389384056454,0.010169922858401792,0.005136331193674293
2024-07-15,-0.00036985160673086437,-0.0027456116113501183,0.00031312594239540914,-0.0007436197109030873
2024-07-16,-0.0014486303759585484,0.01113021957506688,-0.013132167320425991,0.026008432604090803
2024-07-18,-0.0030560564564870996,0.0185395559104784,0.006613799016347954,0.018579496516125893
2024-07-19,-0.004644516594173864,0.0198514340951077,-0.01986854795816262,-0.004163072558183711
2024-07-22,0.02193125943513552,0.009983557507546648,-0.03502879093942579,0.0030436922889991447
2024-07-23,-0.014702872559254954,0.014385544261362293,-0.008512851601945037,0.011351551404702898
2024-07-24,-0.008866763167512448,-0.0016059690353955602,0.005242268948590256,-0.017821247790462125
2024-07-25,0.007824022569540068,-0.0049619689541471335,-0.002206367739850834,-0.003625218065788527
2024-07-26,0.0009587699364477231,0.029618895381150923,0.011139841643223125,0.0014221741656506026
2024-07-29,-0.008095648987968107,-0.004151326932374522,0.007339147452146255,0.00020273192278907892
2024-07-30,0.006541774795796318,0.0032333239612791775,-0.004572067977327232,-0.007449614273632665
2024-07-31,0.00012385544644799573,-0.004741236205408783,-0.005105313731040506,0.005294787246928667
2024-08-01,0.014265820028954046,-0.008376815011341465,0.006559685357006018,0.003658899987781794
2024-08-02,0.012417571192849586,-0.016949203631162035,-0.010542560853573302,-0.008469567002580392
2024-08-05,-0.026157922193062122,-0.038051788259060415,-0.03468226286875775,0.00867195680064703
2024-08-06,-0.00900514516341333,-0.00045662767268961346,0.006028488266833332,0.01257416137406464
2024-08-07,0.01392700950082948,0.02315692704332073,0.006026472118986215,-0.0021817941919350936
2024-08-08,0.011826399166090296,-0.027070099705051143,-0.010717929475600685,-0.003954114456061308
2024-08-09,0.004565556306447949,0.015833403177051064,0.01737261909430532,0.005122331479868292
2024-08-12,0.005999330850315454,0.015050140979104842,-0.009275608270023716,0.0005458987850746055
2024-08-13,-0.03427509165257059,2.7816777461664444e-05,0.002053901312930373,-0.002655713972727347
2024-08-14,0.002869364487972481,0.014353708158679535,-0.0012127812353841527,-0.007058402391687202
2024-08-16,0.015113815324923063,0.019580299241674703,0.011184353027407612,0.009624971680414873
2024-08-19,-0.00033697525524356564,0.003147083779674986,0.010317737644652603,-0.0020738449686699134
2024-08-20,0.0037693362618103077,0.003968085118977394,0.005072557760318563,0.003099257877323014
2024-08-21,-0.0072661564429945535,0.000267123530447666,0.001821661683359288,0.014594317002072588
2024-08-22,0.0033828875444974482,0.0040316490483414125,-0.0003670710938989963,0.0005732525129524824
2024-08-23,-0.003831359433338788,-0.009652976059740803,0.001234922923336823,0.008163872482766621
2024-08-26,0.009168915755763951,0.007545342598557436,0.008416767308946804,0.0019711726157718434
2024-08-27,-0.0013413724162418816,0.012765375715461547,-0.008032478302011592,-0.019229806181567555
2024-08-28,-0.0003970161891222457,0.0205252528621509,-0.0014329035251872124,-0.0009215674894131887
2024-08-29,0.0008857668786028672,-0.0029652342425218192,0.015100440192906905,0.007560514866181478
2024-08-30,-0.001006946387300589,0.005353376016327349,-0.00742968766443719,-0.0026029825735552903
2024-09-02,-0.006078654637820757,0.010701252865780608,0.004388480741684075,0.003977776842767788
2024-09-03,0.006392417470762801,-0.011835098321953619,-0.004699072739482779,0.001882249530530844
2024-09-04,0.0027177290225530726,-0.009684538534919795,0.0035947909186186955,0.016802117108039916
2024-09-05,0.0022231686933233963,0.005565848546690955,-0.014245144871990911,-0.0009854530530756245
2024-09-06,-0.005165721165553583,-0.01619117490277877,-0.01885502353919355,0.0001761761188256994
2024-09-09,0.005833996694934118,-0.0037856950151885504,-0.0016214031264586426,0.029183338393327762
2024-09-10,0.0023381970469711355,0.009315650937877784,-0.0006324396587149561,-0.007940402109393285
2024-09-11,-0.0039080735863668,-0.0011243206946177642,-0.0068593037362743026,0.0019147290722356658
2024-09-12,0.013808542687387071,0.021097806888130677,0.01949710400793836,0.01799146046967426
2024-09-13,-0.00039006813627795456,-0.0032557203982155336,-0.004848599618861527,-0.007931960833456264
2024-09-16,0.003001276878889403,0.0031634837331886434,-0.0008658534199453838,-0.022451642147080064
2024-09-17,-0.0012866060650673639,0.0011793524688392676,0.0006457687627332565,0.002232130196309745
2024-09-18,0.015580045676305998,-0.030933922454622342,-0.006011048005007624,0.0008178747142213449
2024-09-19,0.008083553902282103,0.0010833775904117715,0.0042536826716885745,0.012483226683001947
2024-09-20,0.019139563602785792,0.0060976450022929285,0.011056847089535138,0.02261528164054627
2024-09-23,0.010682360381700118,-0.0048801017301720595,0.005013723772059109,0.017111156681012707
2024-09-24,0.004688053753033605,0.001133786071680909,-0.0026785427929117978,-0.025755081856573492
2024-09-25,0.006249668787258189,-0.0017381173981303455,0.0030717162285438526,-0.0005422068317544326
2024-09-26,0.00244513589806461,0.0026117498251045923,0.00267751209611089,0.012597810229607376
2024-09-27,-0.017269891971677165,0.0034205254901966686,0.01884245948180774,-0.006647541511607735
2024-09-30,-0.01175359606077464,-0.016336686463798822,-0.03249960872518631,-0.002680151689372745
2024-10-01,-0.0033775197975013382,0.015328331556084374,-0.007957616967555259,-0.01167904365337935
2024-10-03,-0.025605400197079464,-0.005749886321139264,-0.03949272356471989,-0.010397576639303518
2024-10-04,-0.014476767574050475,0.013071716557958135,-0.01453472549048096,-0.015414566664942453
2024-10-07,-0.024040072325749895,0.008419687452904112,-0.011395360443265057,-0.005388462370049307
2024-10-08,0.02055255365350872,0.00736696112400459,0.01942397970975418,-0.00515283032150704
2024-10-09,-0.010841575519110469,0.0021554239192540514,-0.016280789607546198,-0.017684717460717536
2024-10-10,0.017910122026293607,-0.017283315468289984,-0.0025826049780599547,-0.005146495061770895
2024-10-11,-0.006857472707004431,0.008389700484430884,0.0007658406340240731,0.010346052496978286
2024-10-14,0.022471162046794557,0.012299188331015065,0.0003097629900348231,0.0021199274550234293
2024-10-15,-0.002369531953926307,0.00020425384994648965,-0.020764648005787145,-0.0027429695916475483
2024-10-16,0.009322605571025377,-0.020007155709999447,0.007477475917652132,-7.18049733074988e-05
2024-10-17,-0.015678354199355926,0.024998649005008255,0.0017355593812362624,-0.01531693619980612
2024-10-18,0.005199715686236228,-0.04496729597214488,0.0021195106263276475,-0.007868802386814644
2024-10-21,0.02785619781426263,-0.014284900978572379,0.007283123146972992,-0.008667389253039559
2024-10-22,-0.00818519665846551,-0.0006207426889078826,-0.018879541745163153,-0.004399272517263242
2024-10-23,0.012393864383192454,0.01177366271740099,-0.0035917690672500058,-0.008353045906409617
2024-10-24,0.007978984124992206,-0.005364557775090817,0.0009525988259191376,-0.05798511867309264
2024-10-25,-0.003572126587339297,-0.0006976385180095246,-0.008919403815719762,0.009161201977938349
2024-10-28,-0.005277089775018173,0.0017721648761943598,0.004895123245520772,0.018888201387305736
2024-10-29,0.010177580242386908,-0.002737993171029518,0.004234317022260736,-0.010928690060597934
2024-10-30,-0.009846674362155472,-0.020225241033232866,0.0029105164135998507,0.002865491266684783
2024-10-31,0.0006341983503013182,-0.024887563101359533,-0.008817616322833066,-0.010450391817589222
2024-11-01,0.0009218197977793885,0.0020486691359522524,0.004954743276563756,0.003658645914071501
2024-11-04,-0.013354077015226395,0.0015901111218303843,-0.027266285564600312,-0.005004877201762903
2024-11-05,0.025523553630931728,-0.005358232462558399,0.0024190894752966763,-0.0013664068812883068
2024-11-06,-0.001479064190870738,0.0396191810750568,0.015360331365554813,0.0033501963477287067
2024-11-07,-0.0049565045676509545,-0.011322974288075605,-0.014863940136967457,-0.010077094640438489
2024-11-08,0.004523147267709859,0.014919070154581604,-0.0167731862886642,0.013007403493114245
2024-11-11,0.00675424247674572,0.016475837407829985,-0.008607733532774997,-0.006639546770402571
2024-11-12,-0.02723210442636781,0.004677262211501443,0.0012179914460044294,-0.011862434240152209
2024-11-13,-0.02144678590998239,-0.00021409593627907952,-0.017421984911027644,0.0014015477740543236
2024-11-14,0.006780258410395756,-0.002060599238257299,0.012419639147505102,-0.030730775560280255
2024-11-18,0.007295762919392823,-0.02847878914048174,-0.0054039379248916886,0.014105078461128517
2024-11-19,0.021787694374535205,0.007342223637379686,-0.015149758756049403,-0.005179654626799812
2024-11-21,-0.0006027556544796475,0.005096698650919329,-0.015020367381370248,-0.011429894565985643
2024-11-22,0.0025269610528741993,0.03718539946890109,0.03466896418556509,0.026208565701669295
2024-11-25,0.02291479672655239,-0.006597554825666374,0.017069586263143144,0.010714640832674593
2024-11-26,-2.79622204341079e-05,0.01823056209184082,0.006759889878657832,0.003135832303554631
2024-11-27,0.014981336985099514,0.000181845008127679,-0.0019293973968529388,0.003105766888867656
2024-11-28,-0.01056674012940717,-0.03525597187192375,-0.01732131069906484,-0.00993202405857263
2024-11-29,0.0016174351102442586,0.000646352730300892,0.016839707555085237,0.013788493864832274
2024-12-02,0.00481603997529545,0.011814753848985449,0.013117210209329766,-0.006810440508642213
2024-12-03,0.011968768182130773,0.006543218562434561,0.01080860395911376,0.001492480002075025
2024-12-04,0.01850730896534092,-0.001506207856548425,-0.010844222992581254,-0.00739078269033111
2024-12-05,0.0030375058442828617,0.024136494632441607,0.010008081942164404,0.012213530553904173
2024-12-06,-0.005306228100804722,-0.0064346308045879486,-0.007942161610169252,-0.004329387030969634
2024-12-09,0.007624606761233332,0.0006502953781071241,-0.012504334774722237,-0.03343677840338766
2024-12-10,-0.0010161537440817048,0.012944189305748255,-0.007952826815636138,-0.0014159840895867637
2024-12-11,-0.0026764367998716176,0.013137914228606551,-0.005175666490439101,0.0016683983826049076
2024-12-12,-0.0020664982713252122,0.0065090751760295,-0.011969914156727657,-0.02348686619722362
2024-12-13,0.006723178043169797,0.00639156800010432,0.007878642465797059,0.01925424569747869
2024-12-16,-0.003499425878066398,-0.009826456459751887,-0.003574610687712587,-0.01002057880003171
2024-12-17,-0.01712946287032957,-0.0017424053234635917,-0.01813443510820112,-0.0012256554114289386
2024-12-18,-0.012300600860076782,0.0012901974357415469,0.006383925574390714,-0.0017137293914580853
2024-12-19,-0.009499070103680562,-0.016648642574698003,-0.01819275722362368,0.00027564264448298736
2024-12-20,-0.012266503456425215,-0.012357382025073194,-0.020439499828989516,-0.010996590274699236
2024-12-23,0.01665259084160753,0.0011185919942882094,0.014104307375446101,0.002142302894896364
2024-12-24,-0.001610315179043198,-0.007924955177864956,0.00036817478984829677,-0.0014321650348977366
2024-12-26,-0.004087676970981113,-0.0008643575431018791,-0.005070584497742225,-0.001198910785034868
2024-12-27,0.004188240535847543,0.004901971674011518,0.003699048513918557,0.003643688601585815
2024-12-30,-0.0113165114397078,-0.005608448800772936,-0.0084764870077213,0.0009611493539625204
2024-12-31,-0.0028405184195470223,-0.013641193279194996,0.003923367267915978,-0.007104861035117427
2025-01-01,0.005584282852247879,0.0013297865982782042,0.004771917014613658,-0.002041278516099587
2025-01-02,0.00617027065903808,0.0400265549556007,0.016827100720942623,0.02062793161888754
2025-01-03,-0.024836265035988347,-0.009755542180898469,0.0075293538610903266,0.015295272847128283
2025-01-06,-0.022124410145508033,-0.0004642693721362834,-0.02649555953674909,-0.012488315397370386
2025-01-07,0.00169544115365583,-0.0036122489668852786,0.018760110007393527,0.006144322608701458
2025-01-08,-0.011147380558615416,0.001191224559295767,0.019865530979382928,0.004266260996458993
2025-01-09,-0.015640693684079388,-0.008199062394971146,-0.008494666485831082,0.014327316010554592
2025-01-10,-0.0066254819651471175,0.02589576438158736,-0.01024109342998425,0.0027306195730019134
2025-01-13,-0.01563308933311025,-0.00241490516047993,-0.0016507150421680716,0.0036649221121767273
2025-01-14,0.0096575425181884,-0.011288265819444199,-0.0008871995398558319,-0.03388403615630786
2025-01-15,-0.0021558897891663653,0.004948270309358849,0.010857618472363662,0.0021326059808646214
2025-01-16,0.005477607644661653,-0.01087376732774925,0.011380021144143493,-0.01179947622332933
2025-01-17,-0.00926122659371409,-0.058596319700087385,0.028346977701285025,0.0038381278958943277
2025-01-20,0.008859024386233205,-0.001184193970448999,0.0023803347179069956,-0.003738411495220584
2025-01-21,-0.005359618202701144,-0.006948738378760866,-0.024321110451110406,-0.0020041000940466125
2025-01-22,0.014399678507978075,0.030960239329291595,0.0026694537639297966,0.0010466673255959957
2025-01-23,-0.000690185774186447,0.0048478908621085726,-0.01053167108029096,-0.009069672702323173
2025-01-24,-0.00906963770625735,0.005360703314142734,-0.013730040438697966,0.01998539698867252
2025-01-27,-0.01212270117490144,-0.028499839655068082,-0.013600401095603454,0.010451388041828436
2025-01-28,0.024911092169212168,0.004253635883327833,0.004107922914950768,-0.001671641176894223
2025-01-29,0.004130631309269717,0.028145835597937152,0.0008911166028169326,-0.0020511761510081383
2025-01-30,0.008466020110509342,-0.011322226425144355,0.01420481101409754,0.010402867602845811
2025-01-31,0.004286101872654546,0.010672338256347835,0.0096164947627011,0.024929957325794172
2025-02-01,-0.004591637785077429,-0.015134608251837989,-0.00039523248984307813,0.015088397602875503
2025-02-03,-0.0076583789402612235,0.006454773756250809,-0.014787208604033264,-0.02557830086579005
2025-02-04,0.025566146449135907,0.019052209202868875,0.03154335209732628,-0.0015968862518122018
2025-02-05,0.009820450253057,-0.0009215666199752226,-0.005446621423933262,-0.019277763812365345
2025-02-06,0.003481414615891243,0.009804636910448306,0.0026209472919784815,-0.007674538311238099
2025-02-07,-0.006365173963728266,-0.006264189035658396,-0.01158756678390982,-0.003729909024053013
2025-02-10,-0.009811064498901345,-0.012265917261953141,-0.010302333990412138,-0.0010152894839492443
2025-02-11,-0.008363671494921565,-0.0024730629733408227,-0.014996213895739241,-0.01956421246955553
2025-02-12,0.0031738806410355203,-0.006664353254124622,-0.014819609664862288,0.007450621744007568
2025-02-13,-0.005331595924920607,-0.010680817429426837,-0.0003700161801112323,-0.004715980977132217
2025-02-14,-0.0016788140292314235,0.007134120660347021,0.0009457331801288049,-0.0013568835195401086
2025-02-17,0.01327552455066372,-0.00759528692422351,0.0062847360811397746,0.004766325148467532
2025-02-18,0.003319136882338647,0.005238000981332425,0.00040820359558924046,-0.01433843489643849
2025-02-19,0.002408473517411469,-0.022219797082353332,0.0016727408352932294,-0.019860778618837505
2025-02-20,-0.02321679680218469,0.007924684088330913,0.004521637495415787,-0.0010441507800604821
2025-02-21,0.00320070824690033,-0.005561239981550892,-0.003933493591583903,-0.0028470139760777835
2025-02-24,-0.009098889114868336,-0.028044049098044144,-0.011073436404433479,-8.907964257887091e-05
2025-02-25,0.003130404238644191,0.0020406413419262748,-0.008686382129851511,0.00796353303630748
2025-02-27,0.010907347315639804,-0.001923315232368994,0.0025746723497552804,-0.006351510661412707
2025-02-28,0.01863936909491537,-0.043416643038007074,-0.005799020532345489,-0.024365787447090947
2025-03-03,-0.017807618912381695,0.012383695296989572,-0.024039698599903736,-0.006118031248301348
2025-03-04,0.004966063972997592,-0.01188111088465682,-0.007982883563999676,-0.008957824700375983
2025-03-05,-0.011695925787411077,0.013741657119940909,0.011790981021192692,0.006072200199814137
2025-03-06,0.0007100231514729494,0.0025415687954739585,0.02892137856724375,0.022345565101243192
2025-03-07,-0.0011530340561120012,-0.017396632474362517,0.03323425487731768,-0.006489534338273484
2025-03-10,-0.001035913298955804,0.009163727343526551,-0.0091214390020945,0.019595884375497752
2025-03-11,-0.0011851498973893815,-0.02342120334627862,0.007186637014978459,-0.01370260093855269
2025-03-12,0.015218019058619747,-0.042579498378237046,0.007816969840073407,-0.010848307018305192
2025-03-13,-0.0026590210807055925,-0.006914458924843436,-0.007279042194173413,-0.008253926001132617
2025-03-17,0.00222659785884316,0.006456338399974282,-0.007252200212939597,-0.0016322781060954528
2025-03-18,0.0,0.0,0.0,0.0
2025-03-19,0.01970301758225035,-0.002201187468687693,0.006699817904729732,0.013264319984526152
2025-03-20,0.014133437055984244,0.018278726111515597,0.017640128350000284,0.01924938968343226
2025-03-21,0.000904523977991456,-0.014236708557229472,0.005673147612239138,0.001694747425507348
2025-03-24,0.016748088583559806,0.00012561693800083873,0.020174727116697655,0.004451892344986108
2025-03-25,0.011916664815102784,0.02241400270743865,-0.012787039143588252,0.006692660839501041
2025-03-26,-0.008180266495797062,-0.017808415221912344,-0.009646421132837424,-0.011161006798565465
2025-03-27,0.010406558422902057,0.0025634763861051013,0.004045346724523613,-0.0005787478424168491
2025-03-28,0.001561273795473106,-0.020517031171352396,-0.002425308203808707,0.00632615990321983
2025-04-01,-0.03301060437727232,-0.028109351787752757,-0.017645690501992828,-0.01106751337723455
2025-04-02,0.01643243138646744,0.015493017219828209,-0.0011575237916060521,0.0018128876828207297
2025-04-03,-0.0011408512444062158,-0.03460960068585206,-0.001958242079422967,0.0029716030977133823
2025-04-04,0.012508060771296181,-0.029969845765862924,-0.035236663910407695,0.0
2025-04-07,-0.03279599423742208,-0.03781908152850433,-0.032373152212439305,0.002160775144091742
2025-04-08,0.006514290898725017,0.022946167434048537,0.014154618272830488,0.017715796429751185
2025-04-09,-0.002345785303134007,-0.0175672866711043,0.0026645384242292014,0.026537103415617214
2025-04-11,0.023654381134639912,0.0040963148534016725,0.02834600587270697,0.006872297246816483
2025-04-15,0.03218483328956068,0.011742217815352785,0.01735106601006997,-0.0019651249763010803
2025-04-16,0.0070244919481794454,-0.009046260413802187,-0.0006450607873236258,0.002159597028384308
2025-04-17,0.015282182622484042,0.004529028882543029,0.028403081361119353,0.0035493307300804577
2025-04-21,0.010699165245330766,0.022190900249224876,0.016477043342625786,-0.010105229760456913
2025-04-22,0.01795445331631984,-0.019434809087187532,-0.0033192768965972785,0.020289210946639713
2025-04-23,-0.019269017622261853,0.03661793270198754,0.006815426227561927,0.010464032127814216
2025-04-24,-0.003690434913577456,-0.002373040835315976,0.0012307715038371025,-0.04063872504530153
2025-04-25,-0.002921540877098616,0.005980572933528938,-0.0009219202768825374,0.0029673898214348515
2025-04-28,0.004709074904107213,0.0012835923722847031,0.052599177762373994,-0.005831276813114128
2025-04-29,-0.005936809911262553,0.01039072652608608,0.0225744751242265,0.0013369143267687456
2025-04-30,0.008486939164032758,0.0017362433007710454,0.0037865383223170124,0.008786689687307447
2025-05-02,-0.0016104005388689613,0.0045329944871876915,0.010533849468939094,-0.01003365643496601
2025-05-05,0.0077527826000634015,0.0011281773978861764,0.008099785134819015,0.012938852067141848
2025-05-06,-0.002633254447821476,0.0019222940402585653,-0.007266177649733696,0.01413608578716885
2025-05-07,0.0071957223858245545,-0.002117050166978607,-0.010486336160832499,-0.004618471735627905
2025-05-08,-0.008788988957606492,0.0020552247803138357,0.0007112498232164643,-0.006706693736552194
2025-05-09,-0.02011926469092129,-0.0025141900003474715,-0.021179777793082,-0.009342139001795702
2025-05-12,0.03571992376668609,0.07913232000660919,0.043058351107950754,0.021261020668959407
2025-05-13,-0.017678330000462705,-0.03583505461550529,-0.014479664614505894,-0.009443817571902158
2025-05-14,-0.006241493206634363,0.015172890037885578,0.0061453540610170165,-0.0040254237513625
2025-05-15,0.012142736728829595,0.0129364571622832,0.02092113971943621,0.001999581318960608
2025-05-16,0.0004654626032958298,-0.014321148672298833,0.0015128514905287105,0.011124310536223314
2025-05-19,0.0020675074161795592,-0.018932014057657875,-0.010711341598050206,0.0005459351248500166
2025-05-20,-0.012276239156466584,0.0005128530608478066,-0.011243742082533759,-0.017459021335934133
2025-05-21,0.006214441990134656,0.005062218821044295,0.003228928433082867,0.009738816551020602
2025-05-22,-0.003581162530276516,-0.013388662013829156,-0.013853833322909237,-0.014044487758768542
2025-05-23,0.007135792229040261,0.011179365705227706,0.012345734016484755,0.012227976951721065
2025-05-26,0.003413311811998554,0.010033176415967349,0.0056068761250060994,0.014793354254776903
2025-05-27,-0.00716419775757926,-0.006580176684588546,-0.008851440092437768,-0.005806089758385369
2025-05-28,-0.001453533638011928,0.0010827657468199803,-0.006469296318463824,-0.007646311502613412
2025-05-29,0.0020794805666251026,0.00877962386811415,0.003468121654575773,0.0019897391943315412
2025-05-30,0.009027269201477672,-0.0005755281262141976,0.0021864194149390226,-0.007774512292761049
2025-06-02,-0.00658132635298192,-0.005695232309131937,-0.0050672635520357945,0.009922131313681248
2025-06-03,-0.0038818339414775638,-0.006950710778507507,-0.005800273178426574,-0.008137924679873287
2025-06-04,0.008625200280024448,0.005314308611814145,0.012806787396711927,0.005186368535098351
2025-06-05,0.004327195311416787,0.001998493314153027,0.013277120171936607,0.005032666227448468
2025-06-06,0.014926140501737573,0.006112073665204276,0.0007626139236709406,0.005638894696310404
2025-06-09,0.0001011243103796744,0.005819158641383382,0.0036716435351531462,0.0014225769211042572
2025-06-10,-0.00687245300228756,0.014686236400958341,-0.007109403277025583,0.0008357508675258529
2025-06-11,-0.0075815761441127005,0.021992391472247963,0.007229809741173154,-0.007849057490193379
2025-06-12,-0.003588965038381353,-0.013794249148698423,-0.005038255784043266,-0.018389244180946007
2025-06-13,-0.013275772606438418,-0.004102943226534594,-0.0095033733687242,-0.0058728824910962985
2025-06-16,0.009282435811056589,0.013607966596709042,0.006933309097606699,0.0036221845535631125
2025-06-17,-0.0029967204119509816,0.009915086399086004,-0.004590408089462872,0.0005156490530102698
2025-06-18,0.0022284203172229233,-0.004268624038181401,-0.0007685818469123085,-0.013441601938134595
2025-06-19,0.0007239431986829636,-0.008879911401724061,0.002237695986731625,-0.0013494193626262252
2025-06-20,0.015191419251939342,0.002780514600576822,0.022953917524542122,0.005230673626592353
2025-06-23,-0.008296485775162177,-0.023969441801684144,-0.006411090241396078,-0.003111008006238536
2025-06-24,0.006415555606764212,-0.0015152157074030947,-0.00411860249971141,-0.005274430554441767
2025-06-25,0.009842427771912687,0.02105467097223035,0.01137306138106009,0.006892996171558474
2025-06-26,0.02100801401635133,0.0006812084707270571,0.01908266081831589,0.000921733583433948
2025-06-27,0.007550661052185603,-0.0049505218141940865,0.0134420860335005,0.011443164844477272
2025-06-30,-0.006650411176157944,-0.0038557206878608863,-0.009766436377643628,-0.005331776023170032
2025-07-01,0.005296008397041696,0.0031214954024580965,0.018525947099128137,0.0003922449671103223
2025-07-02,-0.012971503743565815,0.0023027092156833184,-0.006281089763032099,0.005053439070537014
2025-07-03,0.0005538408190581823,0.005091572833707092,-0.000658344818495471,0.0027306225991907684
2025-07-04,0.001107193704058096,0.013591168708936285,0.006259085481400639,0.01119574054720096
2025-07-07,-0.0009551381479701027,-0.008350104105224077,0.009297338276263556,0.030393533908293913
2025-07-08,0.007044384340888721,0.007191171922412254,-0.002530062867381666,-0.007343137107297504
2025-07-09,0.0048964886598470425,-0.0030512832558889924,-0.01209672737504952,0.01283068144101307
2025-07-10,-0.0024860444906276147,-0.010956668972977535,-0.001185043006442732,-0.006189654915994436
2025-07-11,-0.011215174409386575,-0.012934732804776639,-0.01450032197239437,0.046171924764905725
2025-07-14,-0.00035286990087468606,-0.015424202281163257,-0.007691329035668826,-0.0011908235850744964
2025-07-15,0.006303589038414659,0.00974336078173299,0.0011458537942672375,0.004092897988870803
2025-07-16,0.00040084173022969516,0.014064070435026554,0.0001346130302264381,-0.0036803871710251457
2025-07-17,-0.004708719780822879,-0.015175073130557992,-0.006192692010126066,-0.0030982457162292976
2025-07-18,-0.014847255622457034,0.0016419553742212933,-0.00027095061635218354,-0.008048425839342066
2025-07-21,0.022019047004099512,-0.0011348073721365592,-0.03211388916092317,-0.00992123891534602
2025-07-22,0.0032991454681567944,-0.008458025565570737,-0.011059745551301958,0.006004165130524264
2025-07-23,0.00856965313813407,0.002291656053789337,0.008352212772528844,-0.011815872585004383
2025-07-24,-0.004989442785946707,-0.013972705346624426,-0.015232314313711859,-0.005141972027574826
2025-07-25,-0.0022894633978292056,-0.023703702374586855,-0.007983564911071106,-0.009188700709216069
2025-07-28,0.001945526375720652,0.0001979054105702982,-0.00294607045514228,0.010847164951371058
2025-07-29,0.006522271262082713,-0.001517197325189068,0.02125974232938521,0.004914853357117277
2025-07-30,0.002077587109102108,0.003501506411481614,-0.004939664122301846,-0.006602672129046749
2025-07-31,-0.0037516518796361087,-0.006583292960204434,-0.014112474038723288,0.034380962879891896
2025-08-01,-0.002972929019413595,-0.026110111456710716,0.002517666933043783,0.012890612137214541
2025-08-04,-0.010038762947834123,0.007417015227782597,0.012771749405182442,-0.003915856820833508
2025-08-05,-0.007228948535774382,-0.013643940450054126,-0.014027645661354837,-0.003538135705015155
2025-08-06,0.0038936654662875547,-0.01616115371408955,0.0007903961995867625,0.00035518753254493163
2025-08-07,0.00508739190862606,0.00013925052897567625,-0.002441008878437123,-0.007138479443100532
2025-08-08,-0.010774760784228898,-0.009604040734449537,-0.01554635100336188,-0.007507331980547094
2025-08-11,0.01099339634295271,0.003583755173591552,0.01345223906930193,0.007924338124724262
2025-08-12,-0.01287827459922819,-0.002870827310884727,-0.004184030550368867,-0.013738849152272525
2025-08-13,0.005279416637375078,0.0017554987816248424,0.00159364347911084,0.004549442475386689
2025-08-14,0.005453712621415141,0.01479041315594909,-0.002396234915443829,-0.005811350618253552
2025-08-18,0.0062779420585099555,-0.008219828188273048,0.005750387752597064,0.03527372700337361
2025-08-19,-0.006238775388107354,0.002925123832064891,0.0277918481328272,0.014290729314138106
2025-08-20,-0.001456464608844743,0.03902776852056866,-0.004999603624136206,0.024953881176229542
2025-08-21,0.0015088937729046403,0.00013371289742147852,0.008351050852788644,-0.008165381942294658
2025-08-22,-0.013358792659587726,-0.005947651460804226,-0.010948986783200665,-0.0068353782333674395
2025-08-25,-0.0002544822092365173,0.029983180470175563,0.002412750251587381,0.0006463819246700364
2025-08-26,-0.008808058620231485,-0.0016317510455677864,-0.019609227068779322,0.023179911046009805
2025-08-28,-0.016026371585568855,-0.01928603316799038,0.0007221359781603987,-0.014187159358397206
2025-08-29,-0.006473164848890711,-0.020332040675054452,-0.02070862138199292,0.002034460536466165
2025-09-01,-0.0010508991029281045,0.020277632310628846,-0.0024314600515965568,-0.003872541708392796
2025-09-02,-0.006416915096540743,-0.00046682746654724827,0.009306434069823899,0.010379401620277617
2025-09-03,0.010534648106045319,-0.013077949791933219,0.004463939560155561,-0.004594740797565611
2025-09-04,0.0071244893318573865,-0.010885076798723192,-0.009689625876550978,0.0007131239146314083
2025-09-05,0.0022367054380347806,-0.012576853258592036,0.011550109855192225,-0.012450408190392226
2025-09-08,0.0026987552237061063,-0.00809915322731558,0.0025454506535760313,-0.003607527783485609
2025-09-09,-0.0008798649970190864,0.049829076180726295,-0.001668579358936717,0.006898254908233481
2025-09-10,0.0007770767501502629,0.01881268816286541,0.0005813609478000359,0.0005676861277135181
2025-09-11,0.0019670059198386713,-0.014941959712930664,0.004575245705825681,-0.008133220913636663
2025-09-12,-0.0005165899549602893,0.010531931659025773,0.008458009292861446,-0.015827524453605357
2025-09-15,-0.00025849262112609406,-0.011274218783652867,0.0030823948774383325,0.0001937064196677607
2025-09-16,-0.00020678340679591845,0.0019226518761930045,0.004287876866437168,-3.871451999626352e-05
2025-09-17,-0.00036199393523805856,0.007344655915148657,0.0060485713051525725,-0.004339661219425528
2025-09-18,0.010760524816156192,0.01195472450113444,0.0008486758999204369,0.006654518240485574
2025-09-19,-0.010236508275741407,-0.0002596364021906217,-0.005370967430211482,-0.010514810414301468
2025-09-22,-0.002792426048868313,-0.0264251730701186,-0.01193697408733907,0.004922502868870415
2025-09-23,-0.007259905344918827,-0.0013337641009982804,-0.0005751644315916682,-0.0194386573945452
2025-09-24,-0.006424978193304343,-0.0019365619738304085,-0.004892858315176718,0.010824035146849154
2025-09-25,-0.0012618342628776258,-0.006556827903324791,-0.007664448009885971,-0.004393108961094128
2025-09-26,-0.005053387398649467,-0.024178406698565857,0.0037889514205171615,-0.010440061524221722
2025-09-29,0.005555229482790303,-0.0049002836454377086,-0.0034843534361621575,-0.005533828782915862
2025-09-30,0.000736661837417163,0.0,-0.006410272444172027,0.006605482786548267
2025-10-01,0.014984205365028203,0.002774368840090524,0.003445729911237372,0.008670134522764439
2025-10-03,-0.00010355236683678992,0.0005532335084172946,-0.0038722179717254335,0.003430207287426379
2025-10-06,0.00859965793966011,0.020323525236064288,0.008508154209957652,-0.0012180536828518829
2025-10-07,0.009296849251305472,-0.011856395619015192,0.00712726183001311,-0.00967817896235812
2025-10-08,-0.0038676704279506646,0.025025734412872147,-0.012565010212474692,-0.006793209259382649
2025-10-09,-0.0016348924815233756,0.009565266367886238,0.007605702038898432,0.006999740511004493
2025-10-10,0.003889109053228923,0.003710290615941192,0.0028305316105254885,0.004488265200592201
2025-10-13,-0.003975942694001144,-0.014324417147475232,-0.0048490284679943985,-0.014274881451372345
2025-10-14,0.00015355572961639474,-0.0022099322892892292,0.0006545571950453688,0.0038110010698124697
2025-10-15,0.0011257119752032807,-0.010403422974573417,-0.001162886150263942,0.006673831272441255
2025-10-16,0.016457924155284243,-0.0019669028215346662,0.017463421964418302,0.016871767834812257
2025-10-17,0.008246599680788558,-0.020659234790761594,0.013230393728203227,0.01647470949273422
2025-10-20,0.00039898441231578374,0.013739582056557342,0.035290716445324666,-0.003571828843193292
2025-10-21,0.0047360425532414485,0.007871842773240711,-0.0010908202546936474,-0.001040755398912685
2025-10-23,0.0010915842847574186,0.03810102851639097,-0.0114659946029676,0.003819982989902604
2025-10-24,-0.013927448112644902,-0.0020280904023657342,0.002209355342217556,-0.032749099084724675
2025-10-27,0.008243283616534036,0.0013976956201109392,0.022389029988648,-0.001828067247824805
2025-10-28,0.0005982069997889639,-0.0028580523068583163,0.0018867452120525652,-0.0058522755385788106
2025-10-29,0.004284793179051949,0.006799131223506949,0.01163483310742941,-0.003604162823988233
2025-10-30,-0.00962438441689184,-0.010990478172126061,-0.010437403705000348,-0.007435399546831034
2025-10-31,-0.010870166544315718,-0.007698438797820617,-0.0014107318108448341,-0.0016602041663625888
2025-11-03,0.005418867341157929,0.0021587102122944124,-0.0011437600722541408,-0.002230863300141217
2025-11-04,-0.007454795197989084,-0.011847834929373469,-0.0078130381840249,-0.005812930147231943
2025-11-06,-0.0006089537613914731,-0.0008175638856127154,0.015613345081491259,-0.00396620841248807
2025-11-07,-0.0023867007140820906,0.0068863183526914895,-0.012098138921255441,-0.0012411805418726107
2025-11-10,0.0022396834592501857,0.024850994777016355,0.007645503023053557,-0.002154128095071428
2025-11-11,0.007313327082023147,0.011100136396105631,0.0027530023395538894,0.007763206635174491
2025-11-12,-0.0022183916416599336,0.013984138460696016,0.01211992909292925,-0.0012358118859420175
2025-11-13,-0.0028802007299383314,-0.006380099214911006,-0.00039690971869799085,-0.0069704696219762274
2025-11-14,0.0029898266032626353,-0.02529511684151775,0.005294826136542197,0.008348499774590401
2025-11-17,0.007023032569990706,0.003194060436778612,-0.0003949759893837612,-0.0011121796984944199
2025-11-18,-0.00411416613346649,-0.014062095178724365,0.0007244356949636099,-0.008659804928105364
2025-11-19,0.002166326784506456,0.03680031238369086,-0.0003290652512906167,0.015640716953394307
2025-11-20,0.014327410084544301,-0.0029848784769667125,0.019882826481121718,-0.005406412766746138
2025-11-21,-0.010705245599863855,0.005532043516112584,-0.001613860485537244,0.0021825872174181526
2025-11-24,0.0011021386425633661,0.0019417916159578663,-0.006918402716518335,-0.0039036033620380994
2025-11-25,-0.009357957943524453,-0.011240338961612806,0.0024740929270772316,-0.004166216916944521
2025-11-26,0.014245319807291823,0.017836172185772492,0.019614227507197768,0.004597904764414906
2025-11-27,0.005578208294847897,0.0054560527467264475,-0.004140396168178739,0.010926928460351704
2025-11-28,-0.0018821130851081058,-0.004022004505517596,0.002622519213936192,0.0060775288558638785
2025-12-01,-0.005458524762346428,0.0024998325291267776,-0.0008931406081523763,-0.0008514753440096445
2025-12-02,-0.012274202782653676,-0.0019181223691103755,-0.012642863060538412,0.005396705756899767
2025-12-03,0.01081023547315052,0.011338870666792955,-0.004850269145247221,-0.012026821867133441
2025-12-04,-0.0032983193993856297,0.011971846896486671,-0.002079562098127874,0.005800598324911865
2025-12-05,0.006117109077992788,0.011642478246658872,0.003256017134998901,-0.05019891578427149
2025-12-08,-0.00019937400026992513,-0.003341107568014867,0.001557889183141814,-0.010519216806196274
2025-12-09,-0.005981423099213901,-0.007325620214527873,-0.008814042063944538,-0.0032410689153993255
2025-12-10,-0.00732121827282306,-0.008880512717761135,0.004903945359473916,-0.002081093019180247
2025-12-11,0.01060820487444758,0.008329126564652345,0.005270284298839245,0.0016944477958142912
2025-12-12,0.001199645558420892,0.00012510205026106114,0.007443411420030577,-0.019517688547049827
2025-12-15,-0.005391967575958834,0.005381134286299716,-0.00019279610688960336,0.014553602676970145
2025-12-16,-0.001807024642456856,-0.00865073871659816,-0.008931955777110256,-0.005406585347625725
2025-12-17,-0.010359015914392256,0.005712833950994423,0.0013616007284771303,-0.0024110998165700614
2025-12-18,-0.0043699227745961355,0.015480693681181323,0.0,-0.004438384936390483
2025-12-19,0.005920174882679152,0.007314899368866756,0.013403186310904314,0.0064003556696610175
2025-12-22,0.002232410988758149,0.03106121656564742,0.00658110679344337,0.0041666459343940865
2025-12-23,0.009010763931792232,-0.012606480409848464,-0.002983431547231463,0.0057217392915458465
2025-12-24,0.0006020808426914215,-0.002937153174881635,-0.00795817911602592,-0.008859545933945334
2025-12-26,-0.005114327770677107,-0.004388606103427617,0.0006417426942348925,0.0014021318455643694
2025-12-29,-0.00040318699715369277,-0.0068836627040668175,-0.008722386443924313,0.0034567708323778312
2025-12-30,-0.0008066366810288716,-0.014045114642839751,-0.0037525936694431383,-0.0013517911070857203
2025-12-31,0.000302740777692323,-0.003823337710604058,0.019872749161595316,0.011221700492472397
