Date,HDFC Bank,Infosys,Reliance,HUL
2019-01-01,496.18585205078125,1591.314453125,541.725830078125,496.1963806152344
2019-01-02,491.65850830078125,1576.736083984375,544.9840698242188,489.73394775390625
2019-01-03,487.8009948730469,1580.0936279296875,545.0655517578125,483.69189453125
2019-01-04,489.1060485839844,1574.1741943359375,538.4675903320312,486.303466796875
2019-01-07,489.8451843261719,1577.045654296875,547.1428833007812,489.0035095214844
2019-01-08,485.76824951171875,1564.5877685546875,545.7986450195312,488.9592590332031
2019-01-09,488.9559020996094,1577.089599609375,550.7268676757812,491.65936279296875
2019-01-10,487.03875732421875,1578.14990234375,553.6592407226562,490.2207946777344
2019-01-11,487.8240051269531,1563.3065185546875,556.754638671875,486.03790283203125
2019-01-14,485.4564514160156,1558.447265625,571.7425537109375,485.4845275878906
2019-01-15,490.1340026855469,1581.3748779296875,591.8621215820312,500.0252685546875
2019-01-16,489.7413024902344,1566.0899658203125,600.1707153320312,502.7917175292969
2019-01-17,492.53619384765625,1547.4915771484375,597.3605346679688,502.1499328613281
2019-01-18,492.0626220703125,1540.95361328125,595.405517578125,524.2374267578125
2019-01-21,496.1973876953125,1543.427490234375,606.8502197265625,547.8521728515625
2019-01-22,493.3563232421875,1546.343017578125,607.13525390625,546.7234497070312
2019-01-23,486.3226318359375,1561.3626708984375,595.975830078125,542.8060302734375
2019-01-24,485.59503173828125,1554.5599365234375,599.5385131835938,552.1679077148438
2019-01-25,484.1513977050781,1552.17431640625,598.1873168945312,551.526123046875
2019-01-28,481.4140930175781,1539.981689453125,596.2216186523438,544.2446899414062
2019-01-29,475.2814025878906,1552.0859375,596.1806640625,535.8787841796875
2019-01-30,469.9917907714844,1531.455322265625,594.54248046875,529.2613525390625
2019-01-31,480.4439697265625,1557.873046875,613.9127807617188,543.182373046875
2019-02-01,482.8692932128906,1589.72412109375,620.0556640625,553.2743530273438
2019-02-04,486.2071228027344,1592.6396484375,619.1138305664062,571.4004516601562
2019-02-05,488.32073974609375,1609.2943115234375,618.2537231445312,571.688232421875
2019-02-06,490.30718994140625,1616.803955078125,625.1746826171875,579.9655151367188
2019-02-07,489.0598449707031,1624.84423828125,625.748046875,571.1791381835938
2019-02-08,490.30718994140625,1605.62744140625,623.208984375,565.5576171875
2019-02-11,494.2339782714844,1594.5831298828125,624.76513671875,554.7351684570312
2019-02-12,491.9356994628906,1585.4832763671875,614.6499633789062,556.1294555664062
2019-02-14,487.43133544921875,1577.1337890625,606.1318969726562,541.8765869140625
2019-02-15,485.2254333496094,1566.310791015625,607.6881103515625,550.8399658203125
2019-02-18,482.7422790527344,1547.844970703125,606.9510498046875,540.0617065429688
2019-02-19,481.39105224609375,1535.519775390625,593.2320556640625,538.2911987304688
2019-02-20,487.0041198730469,1531.5885009765625,606.6642456054688,546.369384765625
2019-02-21,488.7480163574219,1550.3189697265625,600.726318359375,551.9244384765625
2019-02-22,483.10040283203125,1562.5556640625,601.9547729492188,545.4841918945312
2019-02-25,490.9424133300781,1563.9693603515625,618.2947387695312,545.4619140625
2019-02-26,487.5352783203125,1565.82470703125,608.138671875,540.128173828125
2019-02-27,483.28515625,1534.2388916015625,602.2005004882812,541.566650390625
2019-02-28,479.8896484375,1530.8372802734375,601.4224853515625,544.9085693359375
2019-03-01,481.2294006347656,1532.604248046875,607.647216796875,542.6954345703125
2019-03-05,486.71539306640625,1523.724853515625,599.9481811523438,547.8300170898438
2019-03-06,486.0570373535156,1501.8133544921875,599.9481811523438,559.84765625
2019-03-07,491.1965026855469,1506.7611083984375,592.1263427734375,562.2599487304688
2019-03-08,491.58917236328125,1503.4036865234375,583.4444580078125,560.86572265625
2019-03-11,491.6468811035156,1515.198974609375,582.54345703125,577.2433471679688
2019-03-12,501.4754638671875,1532.7369384765625,579.0216064453125,589.30517578125
2019-03-13,514.306884765625,1544.0460205078125,580.2503051757812,596.3652954101562
2019-03-14,513.8909912109375,1534.9456787109375,580.1682739257812,593.820068359375
2019-03-15,520.4165649414062,1500.5762939453125,588.5225219726562,585.0116577148438
2019-03-18,522.3682861328125,1499.8255615234375,581.6835327148438,597.58251953125
2019-03-19,523.8236694335938,1501.68115234375,591.5530395507812,609.3123168945312
2019-03-20,531.0419921875,1490.990478515625,605.2308959960938,608.825439453125
2019-03-22,525.763916015625,1482.5966796875,608.6300048828125,593.9086303710938
2019-03-25,526.9534912109375,1478.885986328125,602.2005004882812,586.2509765625
2019-03-26,533.8947143554688,1487.67724609375,596.0576782226562,605.19580078125
2019-03-27,531.1458740234375,1485.0262451171875,597.65478515625,597.2283935546875
2019-03-28,531.9197998046875,1487.765380859375,604.2891235351562,601.9866943359375
2019-04-01,533.9987182617188,1493.155029296875,618.45849609375,616.0847778320312
2019-04-02,530.0834350585938,1490.6368408203125,621.98046875,615.1329345703125
2019-04-03,529.5982666015625,1476.1912841796875,616.9841918945312,608.7147827148438
2019-04-04,527.5654907226562,1472.4365234375,612.5614013671875,598.9104614257812
2019-04-05,532.5665283203125,1465.8541259765625,621.8985595703125,599.2865600585938
2019-04-08,528.8245239257812,1470.9786376953125,628.4099731445312,588.3755493164062
2019-04-09,528.3278198242188,1484.7613525390625,622.9632568359375,590.6773071289062
2019-04-10,516.8015747070312,1496.8216552734375,616.492919921875,589.3272705078125
2019-04-11,521.4559326171875,1511.1788330078125,608.3024291992188,596.1439819335938
2019-04-12,523.2460327148438,1521.11865234375,612.4385375976562,594.5061645507812
2019-04-15,528.6859130859375,1521.4720458984375,595.8529663085938,593.200439453125
2019-04-16,532.439453125,1536.050048828125,593.0682373046875,594.7938842773438
2019-04-18,529.80615234375,1537.24267578125,587.2939453125,613.4732055664062
2019-04-22,524.04296875,1537.1986083984375,590.570068359375,595.5020751953125
2019-04-23,518.6378784179688,1541.0419921875,596.42626953125,603.6908569335938
2019-04-24,526.5953979492188,1548.46337890625,603.1832885742188,615.0444946289062
2019-04-25,522.8303833007812,1532.2066650390625,596.7129516601562,607.475341796875
2019-04-26,526.8726196289062,1543.8250732421875,604.4529418945312,616.5051879882812
2019-04-30,535.3035888671875,1552.9697265625,615.3870239257812,616.5051879882812
2019-05-02,544.1621704101562,1522.797119140625,598.5557861328125,621.927490234375
2019-05-03,546.9686279296875,1496.2916259765625,592.6586303710938,623.609619140625
2019-05-06,537.844482421875,1474.5126953125,588.3997802734375,613.0083618164062
2019-05-07,536.435546875,1499.7813720703125,593.4368286132812,594.6832885742188
2019-05-08,532.9475708007812,1492.00634765625,589.1778564453125,575.1849365234375
2019-05-09,529.1709594726562,1505.303466796875,590.570068359375,556.1516723632812
2019-05-10,530.4645385742188,1490.90185546875,587.1301879882812,553.8057861328125
2019-05-13,528.3163452148438,1503.7569580078125,589.4644165039062,545.3512573242188
2019-05-14,528.4779663085938,1500.6649169921875,584.6730346679688,557.9222412109375
2019-05-15,528.2007446289062,1476.412353515625,586.5158081054688,556.3507080078125
2019-05-16,533.7329711914062,1491.564453125,600.4395141601562,560.091064453125
2019-05-17,545.6173095703125,1534.5037841796875,592.9044189453125,560.9984741210938
2019-05-20,561.84423828125,1566.0455322265625,591.6759643554688,586.8927001953125
2019-05-21,555.2263793945312,1577.310546875,580.9463500976562,593.0454711914062
2019-05-22,555.699951171875,1562.3349609375,581.3150024414062,593.3109741210938
2019-05-23,538.687744140625,1549.56787109375,574.1893310546875,590.4338989257812
2019-05-24,548.216064453125,1545.8128662109375,580.8645629882812,591.7396850585938
2019-05-27,556.300537109375,1565.5595703125,579.9634399414062,580.1425170898438
2019-05-28,558.11376953125,1569.93310546875,596.3444213867188,585.9410400390625
2019-05-29,558.2754516601562,1573.4229736328125,596.0986328125,581.204833984375
2019-05-30,563.50732421875,1576.427001953125,600.80810546875,588.5970458984375
2019-05-31,560.2274780273438,1580.1820068359375,604.2481079101562,588.7740478515625
2019-06-03,567.5612182617188,1625.418212890625,609.8995361328125,602.0753173828125
2019-06-04,566.4525756835938,1604.125732421875,602.2415161132812,598.2907104492188
2019-06-06,559.7653198242188,1623.6954345703125,602.4871826171875,587.53466796875
2019-06-07,565.3784790039062,1617.510986328125,605.3538208007812,582.0238647460938
2019-06-10,563.6574096679688,1636.7274169921875,617.14794921875,583.9049072265625
2019-06-11,565.5516357421875,1625.5069580078125,618.2947387695312,588.331298828125
2019-06-12,560.6199340820312,1631.956298828125,617.3938598632812,589.6593017578125
2019-06-13,564.6969604492188,1630.54296875,616.8538208007812,587.4902954101562
2019-06-14,562.4794311523438,1610.619140625,615.026611328125,583.19677734375
2019-06-17,559.4535522460938,1606.2901611328125,615.1095581054688,567.5938720703125
2019-06-18,558.3562622070312,1598.8243408203125,623.0834350585938,567.018310546875
2019-06-19,560.9203491210938,1600.6796875,624.5370483398438,565.4027709960938
2019-06-20,563.9417724609375,1606.330810546875,627.0289916992188,573.9899291992188
2019-06-21,561.1177978515625,1572.158203125,623.1250610351562,566.3544311523438
2019-06-24,561.9894409179688,1570.2003173828125,619.2211303710938,558.7853393554688
2019-06-25,564.4879760742188,1563.0811767578125,621.3806762695312,573.591552734375
2019-06-26,573.5989990234375,1567.1302490234375,613.9881591796875,572.839111328125
2019-06-27,572.2974243164062,1579.0550537109375,606.8033447265625,563.986328125
2019-06-28,567.9859619140625,1590.8016357421875,608.0078735351562,554.6687622070312
2019-07-01,577.7012939453125,1584.2164306640625,607.4263305664062,561.6403198242188
2019-07-02,579.897705078125,1592.2255859375,614.65283203125,565.9118041992188
2019-07-03,578.6541748046875,1588.2210693359375,607.4263305664062,567.7044067382812
2019-07-04,577.2945556640625,1596.1412353515625,609.5029907226562,568.3463134765625
2019-07-05,574.6449584960938,1594.1832275390625,596.3792114257812,559.2057495117188
2019-07-08,560.0487060546875,1560.5001220703125,596.0469360351562,554.2040405273438
2019-07-09,552.9713134765625,1548.6644287109375,594.302734375,566.6199340820312
2019-07-10,555.2026977539062,1529.3980712890625,595.7562866210938,566.0667114257812
2019-07-11,559.4793090820312,1540.3438720703125,599.2864990234375,567.2617797851562
2019-07-12,556.3995971679688,1524.5924072265625,603.6471557617188,566.797119140625
2019-07-15,556.5972900390625,1527.9295654296875,647.3372802734375,564.8495483398438
2019-07-16,555.7720947265625,1549.5989990234375,651.9057006835938,572.330078125
2019-07-17,557.2247314453125,1566.86328125,659.6304931640625,567.3945922851562
2019-07-18,560.5833129882812,1547.685546875,658.4259033203125,558.5419311523438
2019-07-19,552.1578979492188,1531.0001220703125,652.362548828125,552.8539428710938
2019-07-22,533.9358520507812,1495.6705322265625,651.5317993164062,566.797119140625
2019-07-23,526.0914916992188,1506.927734375,656.2249755859375,563.7208251953125
2019-07-24,530.1357421875,1538.341552734375,653.1099853515625,557.3246459960938
2019-07-25,531.332763671875,1545.4608154296875,659.9209594726562,545.1077880859375
2019-07-26,529.2990112304688,1540.121337890625,653.6915283203125,537.273193359375
2019-07-29,521.6290283203125,1524.6817626953125,657.3877563476562,536.0116577148438
2019-07-30,523.4768676757812,1530.5546875,658.4259033203125,522.7103881835938
2019-07-31,523.3373413085938,1536.561767578125,659.215087890625,516.2257080078125
2019-08-01,517.5487670898438,1540.6995849609375,638.6157836914062,522.4227294921875
2019-08-02,515.8132934570312,1546.1728515625,644.222412109375,527.3841552734375
2019-08-05,507.6371765136719,1549.5098876953125,645.1362915039062,509.12725830078125
2019-08-06,509.931640625,1552.0906982421875,643.2673950195312,502.4255065917969
2019-08-07,508.7435607910156,1581.59130859375,644.637939453125,494.0094299316406
2019-08-08,520.1926879882812,1604.595458984375,655.14501953125,513.1348266601562
2019-08-09,531.5718383789062,1638.6343994140625,656.058837890625,517.4764404296875
2019-08-13,517.2109985351562,1623.8619384765625,635.2102661132812,567.6387939453125
2019-08-14,519.330810546875,1636.5875244140625,643.5579223632812,573.6503295898438
2019-08-16,518.923095703125,1627.3326416015625,643.3504028320312,569.0859985351562
2019-08-19,514.0662231445312,1620.435791015625,645.9253540039062,575.5873413085938
2019-08-20,517.269287109375,1640.458740234375,658.4675903320312,568.1732177734375
2019-08-21,518.4921875,1646.332275390625,664.03271484375,565.94677734375
2019-08-22,506.43743896484375,1665.9990234375,660.9178466796875,555.1705932617188
2019-08-23,503.78192138671875,1655.23095703125,666.3168334960938,568.128662109375
2019-08-26,525.5503540039062,1669.959228515625,666.6074829101562,564.0988159179688
2019-08-27,526.4353637695312,1656.477294921875,651.7396240234375,567.683349609375
2019-08-28,523.5352783203125,1626.8431396484375,666.5659790039062,562.5401611328125
2019-08-29,518.7484130859375,1631.1591796875,670.2622680664062,552.9442138671875
2019-08-30,518.9813232421875,1674.72021484375,676.8656005859375,555.9721069335938
2019-09-03,515.0213623046875,1639.079345703125,676.3256225585938,537.2030029296875
2019-09-04,523.593505859375,1643.3065185546875,682.1813354492188,534.8651123046875
2019-09-05,520.658447265625,1628.3114013671875,692.771728515625,533.7296752929688
2019-09-06,523.16259765625,1618.8785400390625,697.8384399414062,544.3721313476562
2019-09-09,524.0245361328125,1632.1380615234375,688.6602172851562,544.2385864257812
2019-09-11,524.4205322265625,1623.46142578125,681.1847534179688,549.6713256835938
2019-09-12,528.9745483398438,1606.642333984375,678.1115112304688,538.9618530273438
2019-09-13,525.85302734375,1606.77587890625,688.826416015625,545.752685546875
2019-09-16,522.7548828125,1616.3421630859375,687.4973754882812,539.1400146484375
2019-09-17,515.114501953125,1629.601806640625,690.446044921875,533.217529296875
2019-09-18,509.6170654296875,1627.82177734375,689.2831420898438,536.8912963867188
2019-09-19,512.9598999023438,1613.18310546875,681.6831665039062,525.024169921875
2019-09-20,558.8724365234375,1752.8988037109375,668.6425170898438,558.5547485351562
2019-09-23,585.7305908203125,1815.1923828125,634.8779907226562,551.8087158203125
2019-09-24,584.1234130859375,1824.71435546875,659.5473022460938,569.3977661132812
2019-09-25,577.554443359375,1825.64892578125,658.3843994140625,569.7761840820312
2019-09-26,578.8588256835938,1810.431396484375,649.9953002929688,577.4575805664062
2019-09-27,579.65087890625,1789.518798828125,649.7045288085938,582.9124145507812
2019-09-30,571.8472290039062,1763.75537109375,669.1824340820312,593.2432250976562
2019-10-01,581.7940063476562,1771.186279296875,659.1319580078125,581.0645141601562
2019-10-03,570.0303955078125,1746.0465087890625,652.5286254882812,583.8030395507812
2019-10-04,554.26025390625,1730.1614990234375,659.049072265625,582.4893188476562
2019-10-07,552.955810546875,1726.4683837890625,655.8095092773438,583.3800659179688
2019-10-09,572.1734619140625,1733.543212890625,650.9089965820312,589.9036254882812
2019-10-10,559.3151245117188,1752.0086669921875,650.4105834960938,606.82470703125
2019-10-11,558.4998168945312,1783.95654296875,676.782470703125,602.3049926757812
2019-10-14,561.1087646484375,1792.499755859375,652.94384765625,604.7095947265625
2019-10-15,569.7974853515625,1837.12841796875,638.1590576171875,607.4481811523438
2019-10-16,568.8889770507812,1843.002197265625,640.7754516601562,611.099609375
2019-10-17,568.37646484375,1872.2357177734375,639.1558227539062,621.8534545898438
2019-10-18,572.5693969726562,1874.9049072265625,637.7852783203125,630.6925048828125
2019-10-22,577.3681030273438,1893.148681640625,534.540283203125,629.712890625
2019-10-23,578.4395751953125,1908.26611328125,547.1982421875,620.0277709960938
2019-10-24,575.8771362304688,1908.355712890625,534.3720092773438,639.6428833007812
2019-10-25,572.5693969726562,1918.8662109375,536.1383056640625,637.30517578125
2019-10-27,576.6226806640625,1914.08056640625,545.7264404296875,638.663330078125
2019-10-29,578.8588256835938,1932.3736572265625,547.2403564453125,653.2688598632812
2019-10-30,581.584228515625,1940.6033935546875,555.6089477539062,658.634765625
2019-10-31,573.198486328125,1945.92626953125,576.6356811523438,652.0665893554688
2019-11-01,577.7174072265625,1949.50439453125,578.5701293945312,648.7492065429688
2019-11-04,576.2265625,1930.5396728515625,596.3165893554688,649.0831298828125
2019-11-05,577.461181640625,1943.0633544921875,585.466796875,644.4744262695312
2019-11-06,585.4511108398438,1949.5936279296875,599.0921020507812,638.9525756835938
2019-11-07,588.735595703125,1912.7386474609375,605.6524047851562,649.5061645507812
2019-11-08,584.9619140625,1866.3570556640625,595.6016235351562,643.6728515625
2019-11-11,589.2247314453125,1861.83984375,592.4476318359375,635.7911987304688
2019-11-13,585.870361328125,1870.471923828125,581.4718017578125,655.606689453125
2019-11-14,593.487548828125,1850.8369140625,593.2045288085938,651.3541870117188
2019-11-15,595.35107421875,1840.6839599609375,592.027099609375,654.9610595703125
2019-11-18,587.9669799804688,1839.3419189453125,593.12060546875,649.7733154296875
2019-11-19,592.5558471679688,1822.837890625,599.5547485351562,672.2828979492188
2019-11-20,593.2313232421875,1812.774658203125,599.680908203125,689.1596069335938
2019-11-21,597.8901977539062,1832.58837890625,599.8912353515625,684.684326171875
2019-11-22,589.2247314453125,1814.4295654296875,583.0277709960938,688.6476440429688
2019-11-25,592.1830444335938,1844.8880615234375,587.14892578125,695.3493041992188
2019-11-26,594.0233154296875,1841.265625,580.8410034179688,694.7703857421875
2019-11-27,595.5840454101562,1872.484619140625,585.1725463867188,699.0452270507812
2019-11-28,589.48095703125,1867.0277099609375,590.3030395507812,703.698486328125
2019-11-29,593.9767456054688,1820.646484375,585.6770629882812,690.7182006835938
2019-12-02,589.6906127929688,1827.7130126953125,582.6071166992188,706.459228515625
2019-12-03,584.86865234375,1814.5189208984375,587.3592529296875,703.0751342773438
2019-12-04,583.1217041015625,1832.0072021484375,596.1904296875,691.4082641601562
2019-12-05,580.3030395507812,1822.5694580078125,601.23681640625,690.584716796875
2019-12-06,580.5127563476562,1812.3721923828125,601.4470825195312,692.3880004882812
2019-12-09,579.0684814453125,1796.3597412109375,603.25537109375,700.269775390625
2019-12-10,582.1200561523438,1811.7457275390625,600.9844360351562,695.5274047851562
2019-12-11,581.7706298828125,1798.417236328125,606.4514770507812,695.7277221679688
2019-12-12,588.6889038085938,1795.6441650390625,590.5131225585938,698.3104248046875
2019-12-13,588.8055419921875,1794.615478515625,598.2510375976562,704.8562622070312
2019-12-16,585.7772216796875,1766.482177734375,600.52197265625,697.597900390625
2019-12-17,592.1830444335938,1754.49560546875,613.7267456054688,695.861328125
2019-12-18,602.0831298828125,1725.155029296875,616.0396118164062,701.7169189453125
2019-12-19,600.4292602539062,1745.32666015625,614.6939086914062,716.9014282226562
2019-12-20,604.109619140625,1738.17041015625,615.2825927734375,712.070068359375
2019-12-23,606.7652587890625,1744.700439453125,619.0254516601562,699.7353515625
2019-12-24,600.59228515625,1741.1224365234375,616.838623046875,688.6253051757812
2019-12-26,591.8803100585938,1739.8251953125,613.0960083007812,674.7988891601562
2019-12-27,594.0001220703125,1744.253173828125,619.8243408203125,686.7996215820312
2019-12-30,597.3310546875,1732.9373779296875,616.4181518554688,687.6233520507812
2019-12-31,592.6489868164062,1720.18994140625,614.9462890625,674.1978149414062
2020-01-01,595.67724609375,1732.31103515625,619.7403564453125,672.2161865234375
2020-01-02,599.4741821289062,1733.653076171875,617.9320678710938,683.6602172851562
2020-01-03,590.9251708984375,1724.170654296875,627.4361572265625,684.4840087890625
2020-01-06,578.13671875,1713.4365234375,621.42236328125,668.6093139648438
2020-01-07,587.2913208007812,1718.1326904296875,612.2127685546875,678.8956909179688
2020-01-08,585.75390625,1725.870361328125,604.0543212890625,673.7970581054688
2020-01-09,592.3228759765625,1730.9691162109375,611.9183959960938,689.3154907226562
2020-01-10,597.5872802734375,1747.920654296875,620.833740234375,689.1596069335938
2020-01-13,599.1246948242188,1784.46240234375,650.6075439453125,687.4006958007812
2020-01-14,600.7553100585938,1796.9412841796875,652.3736572265625,681.0331420898438
2020-01-15,598.3094482421875,1808.43603515625,645.5611572265625,678.561767578125
2020-01-16,599.8933715820312,1833.1251220703125,645.0985107421875,684.8179931640625
2020-01-17,595.467529296875,1843.0098876953125,645.8133544921875,704.0101928710938
2020-01-20,584.6358032226562,1845.2906494140625,646.318115234375,682.3466796875
2020-01-21,579.720703125,1838.6265869140625,641.313720703125,683.0369262695312
2020-01-22,578.090087890625,1835.3167724609375,647.7899169921875,682.7919311523438
2020-01-23,579.95361328125,1839.9681396484375,659.6910400390625,679.8975219726562
2020-01-24,579.8139038085938,1854.99658203125,658.3453369140625,677.5374755859375
2020-01-27,565.2085571289062,1843.9493408203125,654.434326171875,670.8580932617188
2020-01-28,569.8673095703125,1843.2781982421875,654.3502807617188,655.36181640625
2020-01-29,575.7607421875,1855.4437255859375,664.190673828125,658.96875
2020-01-30,571.195068359375,1841.0419921875,656.62109375,642.8935546875
2020-01-31,571.3116455078125,1819.7071533203125,652.6260986328125,628.5995483398438
2020-02-03,555.70458984375,1949.14599609375,645.4351196289062,616.9551391601562
2020-02-04,572.942138671875,1928.259033203125,662.6347045898438,635.167724609375
2020-02-05,579.8604736328125,1932.46337890625,659.8591918945312,645.0087280273438
2020-02-06,577.6009521484375,1928.9744873046875,648.7570190429688,649.14990234375
2020-02-07,578.718994140625,1932.150634765625,653.7615356445312,638.3961181640625
2020-02-10,577.833984375,1931.5687255859375,650.3130493164062,639.264404296875
2020-02-11,577.9736938476562,1925.619873046875,650.6075439453125,646.9012451171875
2020-02-12,581.8871459960938,2021.9610595703125,656.9154663085938,654.7161865234375
2020-02-13,578.346435546875,2042.5802001953125,666.3355102539062,656.4305419921875
2020-02-14,568.0736694335938,2017.22021484375,661.4572143554688,662.4197387695312
2020-02-17,567.0487670898438,2015.0291748046875,663.9804077148438,658.2562255859375
2020-02-18,565.2318115234375,1998.7481689453125,670.8772583007812,653.4246826171875
2020-02-19,571.7307739257812,2050.407470703125,673.232177734375,669.633544921875
2020-02-20,567.025390625,2011.1375732421875,670.3305053710938,661.6849975585938
2020-02-24,563.6943969726562,1981.5281982421875,669.36328125,643.4278564453125
2020-02-25,559.1986694335938,1998.0328369140625,671.5079956054688,630.7147827148438
2020-02-26,558.7093505859375,2000.358154296875,658.3453369140625,619.849609375
2020-02-27,558.8025512695312,2017.130859375,654.22412109375,617.2891235351562
2020-02-28,548.6464233398438,1945.3892822265625,615.4088134765625,591.6400756835938
2020-03-02,549.5548095703125,1931.7027587890625,623.2727661132812,586.0740356445312
2020-03-03,550.579833984375,1938.14306640625,628.2771606445312,597.9633178710938
2020-03-04,535.22900390625,1946.373291015625,638.1597900390625,596.5606079101562
2020-03-05,536.3937377929688,1984.078125,634.6692504882812,583.8475341796875
2020-03-06,528.7298583984375,1958.0469970703125,621.5065307617188,565.9689331054688
2020-03-09,515.8716430664062,1897.7554931640625,592.4898681640625,496.1245422363281
2020-03-11,518.8998413085938,1927.7218017578125,576.9721069335938,513.669189453125
2020-03-12,475.8056640625,1839.1185302734375,530.881591796875,473.3477783203125
2020-03-13,498.4010009765625,1818.7679443359375,540.259521484375,492.1837463378906
2020-03-16,465.6494445800781,1737.0970458984375,490.46832275390625,452.28533935546875
2020-03-17,454.2818908691406,1792.6922607421875,466.75018310546875,448.85662841796875
2020-03-18,408.5322570800781,1720.9056396484375,449.38214111328125,431.2674865722656
2020-03-19,417.220947265625,1644.423095703125,458.8441162109375,408.64654541015625
2020-03-20,411.3042907714844,1835.3167724609375,492.1924743652344,453.28729248046875
2020-03-23,359.4515380859375,1672.5113525390625,442.77984619140625,393.662353515625
2020-03-24,357.65789794921875,1813.9820556640625,496.06146240234375,420.090576171875
2020-03-25,399.14471435546875,1867.9227294921875,509.8549499511719,481.919677734375
2020-03-26,419.8066101074219,1963.4139404296875,540.8062133789062,474.772705078125
2020-03-27,421.3673400878906,1914.7962646484375,548.9644775390625,474.5054931640625
2020-03-30,387.4510498046875,1953.976806640625,527.0967407226562,458.8534240722656
2020-03-31,401.5440368652344,2056.087890625,539.5445556640625,495.94647216796875
2020-04-01,386.5193176269531,1949.772705078125,506.9952392578125,481.1181640625
2020-04-03,379.1583557128906,1926.9171142578125,492.6130676269531,479.78228759765625
2020-04-07,417.47723388671875,2187.048095703125,537.44189453125,537.0693969726562
2020-04-08,414.12286376953125,2201.316162109375,531.2179565429688,530.857421875
2020-04-09,430.9645080566406,2122.060302734375,535.1289672851562,543.2366333007812
2020-04-13,417.1278076171875,2098.980712890625,536.0962524414062,529.521728515625
2020-04-15,402.1962585449219,2225.2001953125,537.4840698242188,512.0215454101562
2020-04-16,409.8599853515625,2179.17626953125,524.69970703125,520.1259155273438
2020-04-17,424.0927429199219,2133.46484375,528.8209838867188,545.0401000976562
2020-04-20,440.18896484375,2090.125244140625,549.4690551757812,553.8569946289062
2020-04-21,429.3805236816406,2072.99462890625,532.563720703125,550.98486328125
2020-04-22,432.61834716796875,2134.493408203125,539.8388671875,607.2033081054688
2020-04-23,444.8943786621094,2073.083984375,571.3369140625,610.453857421875
2020-04-24,437.02093505859375,2042.3123779296875,553.4221801757812,630.98193359375
2020-04-27,433.1308898925781,2075.722900390625,558.9732055664062,636.659423828125
2020-04-28,433.9228515625,2048.439453125,555.6930541992188,635.9470825195312
2020-04-29,455.213623046875,1996.3775634765625,569.0238647460938,635.4125366210938
2020-04-30,466.7209777832031,1963.5035400390625,601.783447265625,652.8014526367188
2020-05-04,430.00946044921875,1863.0025634765625,566.626953125,639.0863037109375
2020-05-05,424.6285400390625,1826.1922607421875,566.626953125,650.4189453125
2020-05-06,440.91107177734375,1798.193603515625,560.0665283203125,650.463623046875
2020-05-07,430.94122314453125,1781.9580078125,559.2675170898438,671.0361938476562
2020-05-08,432.8280029296875,1869.0853271484375,567.0475463867188,695.4605102539062
2020-05-11,426.65509033203125,1832.0072021484375,574.3648071289062,702.1399536132812
2020-05-12,420.0162353515625,1799.401123046875,578.3598022460938,658.7014770507812
2020-05-13,432.1758117675781,1785.267578125,583.8267822265625,672.6770629882812
2020-05-14,416.359130859375,1794.481201171875,553.5484008789062,645.4812622070312
2020-05-15,413.7734375,1817.783935546875,548.6281127929688,656.0224609375
2020-05-18,389.7804870605469,1793.765380859375,558.384521484375,647.638916015625
2020-05-19,386.9851989746094,1767.197998046875,562.3374633789062,633.3218994140625
2020-05-20,399.3077697753906,1780.8843994140625,563.1365356445312,644.4699096679688
2020-05-21,400.44921875,1763.0384521484375,565.3654174804688,647.8637084960938
2020-05-22,390.8054504394531,1778.2457275390625,582.312744140625,643.50341796875
2020-05-26,397.1181640625,1769.2108154296875,572.38818359375,640.1321411132812
2020-05-27,420.99462890625,1787.3697509765625,593.330810546875,649.7967529296875
2020-05-28,440.37530517578125,1797.97021484375,594.9708251953125,661.7987060546875
2020-05-29,443.35699462890625,1840.370849609375,589.0885009765625,658.2700805664062
2020-06-01,460.12872314453125,1886.17138671875,596.3775634765625,683.42041015625
2020-06-02,466.3482360839844,1885.1424560546875,603.66650390625,690.3204345703125
2020-06-03,476.2483215332031,1896.8609619140625,598.0825805664062,692.9950561523438
2020-06-04,466.6744079589844,1896.9500732421875,603.3681640625,710.1441040039062
2020-06-05,481.4195251464844,1867.4307861328125,599.7875366210938,710.9981689453125
2020-06-08,473.2899475097656,1888.9888916015625,614.5360717773438,705.51416015625
2020-06-09,459.9656677246094,1884.33740234375,611.7653198242188,690.9723510742188
2020-06-10,462.0854187011719,1896.0560302734375,610.2735595703125,706.7053833007812
2020-06-11,451.253662109375,1884.69482421875,600.128662109375,691.2195434570312
2020-06-12,457.8459167480469,1885.00830078125,589.983642578125,714.189697265625
2020-06-15,442.51837158203125,1864.4788818359375,586.1473388671875,725.7647705078125
2020-06-16,461.4099426269531,1857.3671875,597.7841796875,727.1807861328125
2020-06-17,456.21527099609375,1859.06689453125,599.8729248046875,726.1243896484375
2020-06-18,475.1767883300781,1847.5272216796875,608.6111450195312,744.3521728515625
2020-06-19,481.4195251464844,1884.8135986328125,601.4926147460938,790.8770751953125
2020-06-22,479.2764892578125,1892.063720703125,599.9154663085938,784.9209594726562
2020-06-23,485.5892028808594,1941.734130859375,614.3656616210938,773.5706176757812
2020-06-24,481.0235595703125,1918.6328125,608.8243408203125,776.6947021484375
2020-06-25,479.2764892578125,1957.2249755859375,597.1873779296875,772.2221069335938
2020-06-26,492.1814270019531,1940.1578369140625,637.8524780273438,782.8981323242188
2020-06-29,501.3127136230469,1966.0513916015625,623.8285522460938,774.5820922851562
2020-06-30,496.5606994628906,1963.39453125,627.4091186523438,766.018798828125
2020-07-01,505.2959289550781,1954.7484130859375,623.9564208984375,781.0775756835938
2020-07-02,507.5323181152344,1937.951171875,645.0136108398438,794.524169921875
2020-07-03,500.3343811035156,1957.7205810546875,650.2139282226562,806.9586181640625
2020-07-06,513.8683471679688,1946.822998046875,651.3222045898438,835.799560546875
2020-07-07,514.8699340820312,1940.1126708984375,677.025634765625,823.0039672851562
2020-07-08,517.29248046875,1968.84326171875,660.4441528320312,811.517333984375
2020-07-09,524.0942993164062,1959.6568603515625,666.4117431640625,823.3651123046875
2020-07-10,514.8466186523438,2002.84228515625,666.5396118164062,847.6473999023438
2020-07-13,503.2694396972656,2040.174072265625,679.4977416992188,873.3515014648438
2020-07-14,493.2994689941406,2012.7049560546875,667.733154296875,865.2272338867188
2020-07-15,490.64398193359375,2049.090087890625,708.3980712890625,832.2791748046875
2020-07-16,495.0233154296875,2060.528564453125,776.6420288085938,832.00830078125
2020-07-17,511.7484436035156,2102.5888671875,769.9498291015625,862.8351440429688
2020-07-20,527.8681030273438,2099.346435546875,796.5056762695312,866.5361328125
2020-07-21,530.430419921875,2087.682373046875,798.594482421875,889.84814453125
2020-07-22,524.74658203125,2025.088134765625,782.5245971679688,904.4943237304688
2020-07-23,526.6334838867188,1991.6297607421875,774.0419921875,928.7764892578125
2020-07-24,521.368896484375,1989.7828369140625,786.7443237304688,968.65283203125
2020-07-27,502.9200134277344,2000.7711181640625,808.56884765625,973.1888427734375
2020-07-28,506.2510681152344,2019.7296142578125,820.8449096679688,982.8927612304688
2020-07-29,495.9783935546875,2009.5968017578125,813.4281005859375,946.3113403320312
2020-07-30,489.4793395996094,1985.899658203125,819.6514892578125,951.8176879882812
2020-07-31,481.1633605957031,1998.8338623046875,823.5303955078125,932.9740600585938
2020-08-03,466.8141784667969,1993.94970703125,815.7724609375,906.7509765625
2020-08-04,485.286376953125,1987.889892578125,809.7622680664062,970.6612548828125
2020-08-05,478.71746826171875,1984.9500732421875,805.371826171875,959.7612915039062
2020-08-06,484.84375,2008.376708984375,827.6651611328125,963.214111328125
2020-08-07,486.311279296875,1999.4219970703125,810.657470703125,968.7882080078125
2020-08-10,489.4793395996094,1995.9844970703125,811.0410766601562,956.7824096679688
2020-08-11,496.9335021972656,1999.5123291015625,808.56884765625,963.0787353515625
2020-08-12,495.5590515136719,1985.4473876953125,814.1101684570312,960.2803955078125
2020-08-13,493.3927917480469,1988.6585693359375,810.9131469726562,957.7754516601562
2020-08-14,481.9320373535156,1966.272216796875,812.959228515625,954.0518188476562
2020-08-17,481.1400146484375,1986.30712890625,816.2841186523438,943.9192504882812
2020-08-18,492.20477294921875,2002.85888671875,824.8517456054688,956.1957397460938
2020-08-19,496.9100646972656,1984.0908203125,817.818603515625,962.063232421875
2020-08-20,493.3694152832031,1976.94482421875,814.2807006835938,946.4918823242188
2020-08-21,505.7852783203125,1991.7335205078125,808.8671264648438,939.6314697265625
2020-08-24,520.4139404296875,1984.814208984375,807.6736450195312,945.905029296875
2020-08-25,521.6484375,1970.97607421875,799.7452392578125,939.744140625
2020-08-26,521.0661010742188,1974.3223876953125,810.5720825195312,964.658447265625
2020-08-27,518.1077880859375,1963.8756103515625,807.3751831054688,952.6076049804688
2020-08-28,519.2258911132812,1946.4188232421875,797.315673828125,955.112548828125
2020-08-31,519.8549194335938,1915.1234130859375,791.6464233398438,939.1123046875
2020-09-01,525.189208984375,1955.192138671875,779.3274536132812,942.0686645507812
2020-09-02,528.3805541992188,1937.1021728515625,787.7247924804688,960.5512084960938
2020-09-03,526.866455078125,1934.84130859375,797.5714111328125,953.2846069335938
2020-09-04,521.4620971679688,1921.726318359375,783.5901489257812,937.55517578125
2020-09-07,517.3623657226562,1956.0516357421875,788.619873046875,939.9924926757812
2020-09-08,518.2708129882812,1937.645263671875,800.7681884765625,951.0278930664062
2020-09-09,510.8399963378906,1928.60009765625,790.9216918945312,975.5132446289062
2020-09-10,508.0679931640625,1930.0924072265625,801.4076538085938,1044.410888671875
2020-09-11,502.5240173339844,1953.021484375,806.2244262695312,1047.00634765625
2020-09-14,492.8802185058594,1920.68603515625,834.1015625,1039.2431640625
2020-09-15,498.72711181640625,1921.5450439453125,837.5542602539062,1046.5999755859375
2020-09-16,509.5122375488281,1938.7760009765625,854.0079345703125,1049.1724853515625
2020-09-17,504.83013916015625,1924.9368896484375,861.8935546875,1037.5279541015625
2020-09-18,492.5774841308594,1898.254638671875,854.3489379882812,1040.664794921875
2020-09-21,488.85040283203125,1843.1712646484375,860.955810546875,1018.1654052734375
2020-09-22,482.3746032714844,1833.2216796875,858.909912109375,997.990234375
2020-09-23,487.8953552246094,1856.5123291015625,869.3532104492188,1006.8590698242188
2020-09-24,480.04522705078125,1864.0645751953125,831.5440673828125,984.4725341796875
2020-09-25,486.3812255859375,1880.4813232421875,862.2772827148438,993.7249755859375
2020-09-28,491.1331481933594,1866.235595703125,861.3822631835938,1000.2921142578125
2020-09-29,495.0233154296875,1839.01025390625,860.1885986328125,1013.290771484375
2020-09-30,502.500732421875,1870.712890625,859.5491943359375,1008.4614868164062
2020-10-01,515.70849609375,1894.907958984375,867.5629272460938,1004.3541870117188
2020-10-05,519.1561279296875,1909.4251708984375,894.0335083007812,998.464111328125
2020-10-06,533.0160522460938,1913.8116455078125,900.0438842773438,997.6292114257812
2020-10-07,541.4717407226562,1935.0223388671875,909.2509765625,1018.91015625
2020-10-08,555.2385864257812,1954.4234619140625,932.3966674804688,1010.6729125976562
2020-10-09,574.689208984375,1935.2930908203125,943.5647583007812,1008.05517578125
2020-10-12,565.4181518554688,1934.1627197265625,965.1332397460938,1009.679931640625
2020-10-13,558.3367919921875,1933.9815673828125,987.0430908203125,1029.38134765625
2020-10-14,564.41650390625,1952.0264892578125,969.3108520507812,1032.450439453125
2020-10-15,544.7329711914062,1946.9613037109375,944.80078125,995.8914794921875
2020-10-16,558.7560424804688,1945.15234375,961.2118530273438,982.0352172851562
2020-10-19,560.7127075195312,1969.799560546875,959.8477783203125,982.2157592773438
2020-10-20,570.2167358398438,1965.5487060546875,969.73681640625,973.0535278320312
2020-10-21,580.8155517578125,1956.548828125,978.9868774414062,958.9263916015625
2020-10-22,574.5726928710938,1971.2021484375,962.533203125,950.9600830078125
2020-10-23,575.7374877929688,1939.0924072265625,967.2293090820312,953.7133178710938
2020-10-26,564.136962890625,1959.8055419921875,958.5694580078125,915.822998046875
2020-10-27,574.4794921875,1968.8046875,939.9572143554688,918.2601928710938
2020-10-28,563.5314331054688,1970.306640625,927.6353759765625,907.856689453125
2020-10-29,553.0955200195312,1931.8447265625,926.1705322265625,914.8300170898438
2020-10-30,551.3951416015625,1885.599609375,913.8916625976562,927.287109375
2020-11-02,566.1635131835938,1886.236572265625,923.9733276367188,847.3765258789062
2020-11-03,581.3978881835938,1871.397705078125,915.5719604492188,835.1677856445312
2020-11-04,585.8004150390625,1875.35791015625,942.6283569335938,863.51220703125
2020-11-05,591.2979125976562,1913.8653564453125,951.2884521484375,882.3783569335938
2020-11-06,609.2111206054688,1906.4007568359375,958.8279418945312,915.8455200195312
2020-11-09,624.5386352539062,1941.3577880859375,979.3358764648438,925.5720825195312
2020-11-10,649.2769775390625,1945.0447998046875,940.1296997070312,940.8499755859375
2020-11-11,647.55322265625,1940.083740234375,967.2293090820312,901.425048828125
2020-11-12,639.0508422851562,1995.5692138671875,963.136474609375,893.6619262695312
2020-11-13,633.0409545898438,1989.4237060546875,968.6939697265625,901.0640258789062
2020-11-14,638.1190795898438,1991.563720703125,976.66455078125,903.7269897460938
2020-11-17,656.1720581054688,1982.369384765625,968.2633666992188,899.6422729492188
2020-11-18,656.2885131835938,1940.9483642578125,956.932373046875,896.9116821289062
2020-11-19,640.2855224609375,1939.71923828125,945.0410766601562,890.5701904296875
2020-11-20,653.935791015625,1930.160400390625,950.728271484375,857.3287963867188
2020-11-23,649.7196044921875,1938.490234375,982.179443359375,880.4375610351562
2020-11-24,670.031982421875,1963.934814453125,982.3515014648438,886.4630126953125
2020-11-25,653.5398559570312,1944.3619384765625,961.3268432617188,879.1287231445312
2020-11-26,664.651123046875,1961.0667724609375,959.2157592773438,881.2951049804688
2020-11-27,671.2666625976562,1946.5009765625,947.8416137695312,871.0044555664062
2020-12-01,667.7492065429688,1941.8134765625,980.4561767578125,882.3331909179688
2020-12-02,655.4732055664062,1947.502685546875,983.0840454101562,883.8001098632812
2020-12-03,641.6132202148438,1936.9884033203125,970.6329345703125,886.4630126953125
2020-12-04,645.526611328125,1988.3770751953125,977.6987915039062,878.6547241210938
2020-12-07,639.3070678710938,2053.876220703125,985.324462890625,883.8226928710938
2020-12-08,641.1939697265625,2057.381591796875,993.8118896484375,899.8679809570312
2020-12-09,655.5896606445312,2086.694091796875,1012.639404296875,914.8525390625
2020-12-10,645.6431274414062,2139.722412109375,1006.2200927734375,905.8482055664062
2020-12-11,644.2220458984375,2161.843994140625,1002.29931640625,905.3065795898438
2020-12-14,639.260498046875,2158.202392578125,1003.462890625,898.7620849609375
2020-12-15,648.1821899414062,2112.0478515625,994.8888549804688,891.1119384765625
2020-12-16,657.2203369140625,2133.8046875,1004.45361328125,892.104736328125
2020-12-17,671.7092895507812,2107.723388671875,998.852783203125,896.189453125
2020-12-18,657.5230712890625,2124.246337890625,1025.219970703125,898.875
2020-12-21,639.4935302734375,2099.212158203125,1014.4490966796875,875.4727172851562
2020-12-22,639.703125,2103.80908203125,1051.6734619140625,874.1187744140625
2020-12-23,640.89111328125,2157.8388671875,1079.720703125,877.3458862304688
2020-12-24,650.88427734375,2186.8779296875,1065.072265625,900.048583984375
2020-12-28,658.2218627929688,2174.72509765625,1068.734619140625,904.1783447265625
2020-12-29,664.9072875976562,2170.53759765625,1077.3511962890625,898.1979370117188
2020-12-30,667.3765869140625,2190.838134765625,1074.3353271484375,900.6578369140625
2020-12-31,669.1468505859375,2180.641845703125,1082.090576171875,896.0540771484375
2021-01-01,663.90576171875,2173.49609375,1086.09716796875,897.0470581054688
2021-01-04,659.689453125,2208.954345703125,1110.052001953125,898.55908203125
2021-01-05,664.6744384765625,2230.847900390625,1114.8341064453125,887.3882446289062
2021-01-06,661.8092041015625,2200.578857421875,1104.75244140625,863.9861450195312
2021-01-07,659.805908203125,2156.472412109375,1087.5618896484375,862.5868530273438
2021-01-08,666.98046875,2176.818359375,1130.6026611328125,872.7647094726562
2021-01-11,676.2049560546875,2211.32080078125,1185.8359375,856.313232421875
2021-01-12,689.9718627929688,2162.890380859375,1182.0015869140625,883.3036499023438
2021-01-13,685.1500244140625,2159.6591796875,1195.271484375,875.0665283203125
2021-01-14,684.2647705078125,2183.509765625,1180.9244384765625,884.9059448242188
2021-01-15,683.286376953125,2140.359619140625,1158.9088134765625,874.4572143554688
2021-01-18,690.9501953125,2123.47265625,1130.5596923828125,895.4447631835938
2021-01-19,700.6172485351562,2151.283203125,1134.5233154296875,910.0908813476562
2021-01-20,695.0964965820312,2144.72900390625,1154.1693115234375,927.3773803710938
2021-01-21,687.0833129882812,2155.380126953125,1154.385009765625,947.552490234375
2021-01-22,672.5245971679688,2193.341552734375,1155.375732421875,925.0756225585938
2021-01-25,681.5159912109375,2184.465576171875,1141.8045654296875,876.0595703125
2021-01-27,656.707763671875,2176.910400390625,1121.038330078125,855.2976684570312
2021-01-28,638.9343872070312,2094.159423828125,1099.66845703125,846.9703979492188
2021-01-29,647.8094482421875,2060.931640625,1067.657470703125,831.3538208007812
2021-02-01,687.9918212890625,2047.0032958984375,1086.485107421875,855.43310546875
2021-02-02,727.0327758789062,2030.4805908203125,1095.4031982421875,869.1991577148438
2021-02-03,733.6715698242188,2032.66552734375,1106.9498291015625,871.38818359375
2021-02-04,735.6748657226562,2044.272705078125,1102.3829345703125,868.5220947265625
2021-02-05,744.2936401367188,2066.074951171875,1096.1358642578125,868.2738037109375
2021-02-08,747.8577880859375,2036.1251220703125,1123.2354736328125,880.7761840820312
2021-02-09,750.9324951171875,2017.55419921875,1124.958740234375,882.8973388671875
2021-02-10,736.909423828125,2035.078369140625,1117.1607666015625,891.0892333984375
2021-02-11,732.5301513671875,2060.1123046875,1113.84326171875,927.8286743164062
2021-02-12,737.0026245117188,2040.58544921875,1128.6209716796875,921.4647827148438
2021-02-15,753.1453857421875,2016.59814453125,1128.49169921875,917.402587890625
2021-02-16,757.8275146484375,1999.2108154296875,1111.904296875,929.5438232421875
2021-02-17,739.1223754882812,1969.89697265625,1104.0631103515625,940.2633056640625
2021-02-18,724.12109375,1954.3760986328125,1113.6707763671875,933.244873046875
2021-02-19,717.0396728515625,1985.55517578125,1112.679931640625,938.9317626953125
2021-02-22,721.1858520507812,1973.2655029296875,1090.1903076171875,906.3447265625
2021-02-23,712.4039916992188,1983.8709716796875,1091.18115234375,913.2728271484375
2021-02-24,748.4168090820312,1983.506591796875,1098.031494140625,930.2208862304688
2021-02-25,748.3933715820312,1969.35107421875,1098.2469482421875,967.8404541015625
2021-02-26,714.8499145507812,1940.9024658203125,1079.936279296875,941.4141845703125
2021-03-01,726.2640380859375,1951.2354736328125,1091.7413330078125,948.590576171875
2021-03-02,730.5966796875,1982.68798828125,1124.0538330078125,950.5313110351562
2021-03-03,739.2854614257812,1996.8433837890625,1157.702392578125,993.9055786132812
2021-03-04,723.0726928710938,1999.9384765625,1146.3282470703125,982.0577392578125
2021-03-05,712.8001098632812,2003.761962890625,1134.566162109375,983.3440551757812
2021-03-08,707.9083251953125,1979.59228515625,1150.981201171875,988.9407958984375
2021-03-09,727.9412231445312,2001.395751953125,1159.425537109375,988.9181518554688
2021-03-10,724.7965087890625,2028.1138916015625,1178.8995361328125,984.8108520507812
2021-03-12,723.026123046875,2007.0843505859375,1184.672607421875,964.7938842773438
2021-03-15,712.171142578125,2012.63818359375,1183.595703125,951.8402099609375
2021-03-16,704.4840698242188,2042.8616943359375,1192.5570068359375,948.0941162109375
2021-03-17,696.6572265625,2026.7032470703125,1195.14208984375,927.6707763671875
2021-03-18,694.6306762695312,2016.59814453125,1152.1446533203125,906.7960205078125
2021-03-19,697.6588745117188,2104.76513671875,1158.4779052734375,939.6990966796875
2021-03-22,684.4511108398438,2142.22607421875,1181.1832275390625,930.8527221679688
2021-03-23,698.8934936523438,2127.750732421875,1181.8292236328125,942.1815185546875
2021-03-24,688.9468994140625,2110.7275390625,1166.4915771484375,924.0374145507812
2021-03-25,681.7490234375,2036.4892578125,1149.301025390625,898.829833984375
2021-03-26,694.7704467773438,2110.09033203125,1151.3690185546875,900.274169921875
2021-03-30,723.8414306640625,2183.691650390625,1193.6773681640625,915.9132080078125
2021-03-31,695.8651733398438,2213.505615234375,1178.8135986328125,904.0880126953125
2021-04-01,692.650634765625,2184.01025390625,1193.591064453125,912.55078125
2021-04-05,675.3430786132812,2160.432373046875,1214.8743896484375,899.3489379882812
2021-04-06,670.9871215820312,2192.3857421875,1215.865478515625,895.6028442382812
2021-04-07,674.2250366210938,2189.609130859375,1232.366455078125,903.9751586914062
2021-04-08,667.5162963867188,2193.842041015625,1240.681640625,905.1035766601562
2021-04-09,662.3683471679688,2254.01611328125,1241.7156982421875,894.5872192382812
2021-04-12,636.8845825195312,2241.271484375,1228.5318603515625,862.5868530273438
2021-04-13,652.3983764648438,2234.3525390625,1203.887939453125,871.9071655273438
2021-04-15,666.2583618164062,2240.0419921875,1172.52294921875,877.5489501953125
2021-04-16,665.5828247070312,2238.44921875,1166.4915771484375,872.0425415039062
2021-04-19,658.0123291015625,2218.194091796875,1174.0743408203125,858.32177734375
2021-04-20,648.2288208007812,2182.50830078125,1164.423583984375,858.073486328125
2021-04-22,662.7177124023438,2138.7666015625,1164.2078857421875,860.4430541992188
2021-04-23,658.8275756835938,2100.85009765625,1149.301025390625,859.517822265625
2021-04-26,654.4716186523438,2149.007568359375,1157.702392578125,874.6376953125
2021-04-27,670.2649536132812,2166.48681640625,1161.967529296875,897.5661010742188
2021-04-28,688.0150756835938,2190.792236328125,1168.43017578125,901.47021484375
2021-04-29,686.0117797851562,2191.748779296875,1168.731689453125,913.5436401367188
2021-04-30,657.9656372070312,2142.726318359375,1167.0084228515625,900.2064819335938
2021-05-03,658.9673461914062,2192.112548828125,1165.0267333984375,884.206298828125
2021-05-04,646.8077392578125,2191.7939453125,1145.5096435546875,865.0466918945312
2021-05-05,653.4466552734375,2179.95947265625,1155.93603515625,866.62646484375
2021-05-06,652.6547241210938,2175.726318359375,1173.25537109375,871.5460815429688
2021-05-07,659.1071166992188,2195.025634765625,1165.45751953125,871.8845825195312
2021-05-10,661.4830932617188,2214.780029296875,1154.255615234375,869.3796997070312
2021-05-11,653.8892211914062,2186.74169921875,1146.5867919921875,872.5165405273438
2021-05-12,652.0023803710938,2120.149658203125,1143.4415283203125,863.489501953125
2021-05-14,646.10888671875,2163.755615234375,1134.30810546875,874.3895874023438
2021-05-17,670.9871215820312,2163.208984375,1145.5096435546875,884.7930908203125
2021-05-18,687.968505859375,2161.38818359375,1154.6434326171875,897.2501220703125
2021-05-19,679.349609375,2148.188232421875,1152.0584716796875,901.357421875
2021-05-20,667.5162963867188,2133.987060546875,1154.040283203125,896.0992431640625
2021-05-21,697.565673828125,2150.464599609375,1167.1375732421875,903.8397827148438
2021-05-24,703.4590454101562,2127.068603515625,1161.579833984375,896.2119750976562
2021-05-25,689.0167236328125,2133.89599609375,1173.25537109375,886.0568237304688
2021-05-26,688.131591796875,2142.95361328125,1203.974365234375,889.171142578125
2021-05-27,690.7405395507812,2117.828369140625,1208.28271484375,891.9017333984375
2021-05-28,700.430908203125,2113.550048828125,1210.6953125,945.4762573242188
2021-05-31,706.207763671875,2130.2548828125,1213.91796875,975.039306640625
2021-06-01,704.2743530273438,2146.86865234375,1208.212890625,978.9208984375
2021-06-02,700.6871337890625,2147.32373046875,1200.7662353515625,993.52197265625
2021-06-03,708.3974609375,2151.375,1210.346923828125,997.313232421875
2021-06-04,699.2660522460938,2132.07568359375,1206.863037109375,988.6699829101562
2021-06-07,698.7537231445312,2129.57177734375,1210.346923828125,1005.3245849609375
2021-06-08,690.9268798828125,2147.50537109375,1230.640625,999.54736328125
2021-06-09,689.6456909179688,2144.774658203125,1232.6875,981.674072265625
2021-06-10,689.9951782226562,2165.53076171875,1240.5262451171875,985.2848510742188
2021-06-11,692.4641723632812,2154.3330078125,1260.210205078125,1002.3753051757812
2021-06-14,689.2496948242188,2168.17919921875,1273.187744140625,1016.75537109375
2021-06-15,694.28125,2193.2568359375,1283.7264404296875,1019.0654296875
2021-06-16,691.64892578125,2207.88232421875,1289.561767578125,1001.6732177734375
2021-06-17,683.0301513671875,2216.867919921875,1302.3653564453125,1003.5075073242188
2021-06-18,689.4127197265625,2276.652099609375,1309.3330078125,1008.0367431640625
2021-06-21,693.55908203125,2305.48974609375,1306.719970703125,1013.29052734375
2021-06-22,691.2763061523438,2283.3916015625,1316.7799072265625,1008.0820922851562
2021-06-23,692.068359375,2274.451416015625,1309.2022705078125,998.842529296875
2021-06-24,701.7353515625,2283.300048828125,1358.020263671875,975.3587036132812
2021-06-25,705.8583374023438,2245.247314453125,1371.0848388671875,953.1431274414062
2021-06-28,702.7136840820312,2255.837890625,1368.99462890625,944.7867431640625
2021-06-29,702.8073120117188,2285.50048828125,1361.373779296875,945.6019897460938
2021-06-30,700.8655395507812,2266.015869140625,1376.83349609375,955.9512329101562
2021-07-01,695.6483764648438,2272.15966796875,1359.0655517578125,950.19921875
2021-07-02,692.67724609375,2280.686279296875,1365.5107421875,964.284912109375
2021-07-05,699.7191772460938,2291.460693359375,1375.2220458984375,973.8641357421875
2021-07-06,718.0841064453125,2267.115966796875,1360.63330078125,962.3599243164062
2021-07-07,720.3301391601562,2275.505615234375,1362.7236328125,955.679443359375
2021-07-08,711.4165649414062,2244.23876953125,1359.370361328125,947.7760009765625
2021-07-09,702.7838745117188,2247.814697265625,1361.2431640625,938.0836181640625
2021-07-12,695.7653198242188,2241.120849609375,1348.134765625,943.9262084960938
2021-07-13,702.7136840820312,2234.2900390625,1345.6090087890625,950.9918212890625
2021-07-14,701.4503784179688,2214.2548828125,1373.4365234375,944.7867431640625
2021-07-15,711.5336303710938,2211.962646484375,1376.83349609375,943.1336669921875
2021-07-16,712.3056030273438,2216.5927734375,1354.7540283203125,956.7438354492188
2021-07-19,688.2789916992188,2208.56982421875,1342.7781982421875,950.6520385742188
2021-07-20,675.248046875,2232.639404296875,1350.051025390625,948.3195190429688
2021-07-22,677.8448486328125,2180.60302734375,1385.0206298828125,960.5029907226562
2021-07-23,675.0609741210938,2162.21875,1385.2381591796875,953.7092895507812
2021-07-26,671.2241821289062,2153.599609375,1396.9527587890625,940.6425170898438
2021-07-27,673.6572265625,2147.8232421875,1395.77734375,930.7462768554688
2021-07-28,663.15283203125,2165.24462890625,1398.4334716796875,922.7522583007812
2021-07-29,663.597412109375,2140.808837890625,1408.3626708984375,929.9536743164062
2021-07-30,667.4341430664062,2139.479248046875,1402.7012939453125,921.8239135742188
2021-08-02,665.6561279296875,2139.020263671875,1421.035400390625,938.6724243164062
2021-08-03,671.2943115234375,2188.580810546875,1441.633544921875,945.579345703125
2021-08-04,685.6119995117188,2179.640869140625,1436.4515380859375,952.8260498046875
2021-08-05,694.7593383789062,2161.85205078125,1440.1964111328125,966.64013671875
2021-08-06,698.4090576171875,2174.505615234375,1437.279052734375,946.168212890625
2021-08-09,703.6729125976562,2186.426025390625,1448.6884765625,940.7783813476562
2021-08-10,705.4275512695312,2183.950439453125,1460.8387451171875,945.7152099609375
2021-08-11,699.4851684570312,2191.881591796875,1461.0999755859375,958.963134765625
2021-08-12,702.5031127929688,2193.577880859375,1471.59521484375,955.8832397460938
2021-08-13,714.1069946289062,2204.7646484375,1491.2791748046875,971.8032836914062
2021-08-16,716.165771484375,2224.84521484375,1484.485595703125,984.4170532226562
2021-08-17,708.7027587890625,2277.4775390625,1516.92919921875,980.2276000976562
2021-08-18,707.9307250976562,2279.540771484375,1509.7872314453125,984.0321655273438
2021-08-20,708.7495727539062,2401.8134765625,1509.3516845703125,972.98095703125
2021-08-23,713.3583374023438,2415.33837890625,1514.403564453125,979.3671264648438
2021-08-24,729.3839111328125,2414.283935546875,1498.81298828125,989.036865234375
2021-08-25,728.7055053710938,2425.28662109375,1511.616455078125,997.5969848632812
2021-08-26,727.4889526367188,2444.909423828125,1504.7791748046875,1010.2107543945312
2021-08-27,724.5177612304688,2455.499755859375,1488.3179931640625,1008.829345703125
2021-08-30,733.7821655273438,2464.43994140625,1478.9547119140625,1028.23681640625
2021-08-31,739.9351196289062,2497.81640625,1486.27099609375,1022.756591796875
2021-09-01,738.85888671875,2505.885009765625,1461.274169921875,1026.8101806640625
2021-09-02,743.4910888671875,2568.374267578125,1471.15966796875,1039.1748046875
2021-09-03,737.4317626953125,2536.877685546875,1481.219482421875,1081.79443359375
2021-09-06,732.5889892578125,2549.623291015625,1507.1309814453125,1098.5977783203125
2021-09-07,734.2500610351562,2546.964111328125,1486.4453125,1105.52734375
2021-09-08,737.5956420898438,2568.23681640625,1474.77392578125,1101.201904296875
2021-09-09,733.9458618164062,2577.1767578125,1473.3370361328125,1098.5977783203125
2021-09-13,727.83984375,2554.895263671875,1473.5986328125,1074.117431640625
2021-09-14,724.5645141601562,2533.072265625,1468.59033203125,1072.71337890625
2021-09-15,723.7456665039062,2544.900634765625,1490.6258544921875,1077.1746826171875
2021-09-16,729.8986206054688,2538.298828125,1482.613037109375,1099.7755126953125
2021-09-17,740.2859497070312,2496.11962890625,1473.075927734375,1082.722900390625
2021-09-20,729.851806640625,2567.732421875,1470.0709228515625,1084.4439697265625
2021-09-21,726.1553955078125,2578.827392578125,1496.72265625,1089.1317138671875
2021-09-22,717.6162109375,2553.19921875,1495.372802734375,1100.817138671875
2021-09-23,734.6010131835938,2551.181884765625,1517.713134765625,1127.720458984375
2021-09-24,749.3632202148438,2518.492919921875,1536.2650146484375,1124.459228515625
2021-09-27,760.3822631835938,2484.42919921875,1499.0743408203125,1143.3685302734375
2021-09-28,755.6798095703125,2497.58740234375,1469.41796875,1154.0574951171875
2021-09-29,745.7603759765625,2462.239013671875,1473.9033203125,1144.90869140625
2021-09-30,746.2750854492188,2477.368896484375,1459.0531005859375,1141.0133056640625
2021-10-01,740.543212890625,2479.431640625,1450.2998046875,1143.0289306640625
2021-10-04,741.9703979492188,2463.064697265625,1462.1451416015625,1157.7261962890625
2021-10-05,746.5089721679688,2483.64990234375,1474.38232421875,1181.7532958984375
2021-10-06,755.6096801757812,2462.926513671875,1457.6160888671875,1159.4019775390625
2021-10-07,753.5509033203125,2447.659912109375,1472.8143310546875,1165.0860595703125
2021-10-08,749.8779296875,2420.747802734375,1501.4259033203125,1209.85693359375
2021-10-11,764.4529418945312,2425.37890625,1472.7708740234375,1201.4327392578125
2021-10-12,762.4877319335938,2453.849365234375,1467.7193603515625,1208.29443359375
2021-10-13,767.0732421875,2426.8916015625,1488.666259765625,1220.5911865234375
2021-10-14,789.5322875976562,2429.459228515625,1494.37109375,1223.0595703125
2021-10-18,781.5313110351562,2433.538818359375,1560.913330078125,1226.3206787109375
2021-10-19,790.1405029296875,2335.244140625,1587.0426025390625,1237.3038330078125
2021-10-20,783.1921997070312,2272.755126953125,1569.797119140625,1223.0595703125
2021-10-21,784.3387451171875,2242.58837890625,1527.380859375,1187.777099609375
2021-10-22,786.4208374023438,2250.24462890625,1497.8984375,1189.99658203125
2021-10-25,775.3081665039062,2251.84912109375,1487.2291259765625,1178.40185546875
2021-10-26,773.3196411132812,2248.158935546875,1497.0267333984375,1205.2371826171875
2021-10-27,768.6640625,2211.025634765625,1519.21337890625,1189.99658203125
2021-10-28,745.643310546875,2204.61328125,1497.2022705078125,1176.9525146484375
2021-10-29,740.6134643554688,2207.84228515625,1465.4375,1148.7132568359375
2021-11-01,751.1178588867188,2220.71240234375,1493.8192138671875,1149.4151611328125
2021-11-02,751.7963256835938,2231.598876953125,1491.9300537109375,1132.6571044921875
2021-11-03,739.9584350585938,2224.633544921875,1495.97216796875,1124.866943359375
2021-11-04,745.8071899414062,2235.2431640625,1501.4200439453125,1131.77392578125
2021-11-08,748.7549438476562,2243.592041015625,1526.7264404296875,1133.177978515625
2021-11-09,735.65380859375,2242.89990234375,1531.1199951171875,1142.123046875
2021-11-10,727.699462890625,2214.30029296875,1529.0548095703125,1154.895263671875
2021-11-11,724.4476318359375,2192.205078125,1523.0357666015625,1157.00146484375
2021-11-12,726.6466674804688,2218.729248046875,1564.2464599609375,1174.46142578125
2021-11-15,728.63525390625,2236.99560546875,1570.353271484375,1167.531982421875
2021-11-16,724.3071899414062,2220.296875,1574.8787841796875,1140.4022216796875
2021-11-17,716.2593383789062,2205.997314453125,1570.616943359375,1115.9896240234375
2021-11-18,720.2833862304688,2213.6083984375,1563.5435791015625,1120.201904296875
2021-11-22,709.0302734375,2203.598876953125,1545.9697265625,1070.5848388671875
2021-11-23,709.1239013671875,2208.811279296875,1526.1990966796875,1080.5941162109375
2021-11-24,710.2936401367188,2190.86767578125,1490.2607421875,1064.9913330078125
2021-11-25,713.989990234375,2167.157470703125,1513.4581298828125,1129.1016845703125
2021-11-26,697.122314453125,2154.287841796875,1486.4384765625,1092.709716796875
2021-11-29,702.432861328125,2149.02880859375,1490.5682373046875,1105.7991943359375
2021-11-30,698.8302001953125,2138.0966796875,1504.890869140625,1089.44873046875
2021-12-01,704.0237426757812,2163.282470703125,1506.8680419921875,1117.3485107421875
2021-12-02,713.8964233398438,2198.75537109375,1536.1722412109375,1124.5272216796875
2021-12-03,708.1880493164062,2162.17578125,1525.012939453125,1090.7396240234375
2021-12-06,703.6260986328125,2127.902099609375,1489.6455078125,1070.0638427734375
2021-12-07,713.8731079101562,2141.8330078125,1504.01220703125,1078.7825927734375
2021-12-08,727.0210571289062,2159.36181640625,1540.6534423828125,1095.20068359375
2021-12-09,714.4110717773438,2158.57763671875,1549.5279541015625,1112.5703125
2021-12-10,712.399169921875,2152.165771484375,1545.8377685546875,1113.7025146484375
2021-12-13,707.0650634765625,2125.918701171875,1533.0089111328125,1091.3736572265625
2021-12-14,702.994384765625,2138.788818359375,1539.5992431640625,1078.012451171875
2021-12-15,701.8480834960938,2141.23291015625,1523.8265380859375,1074.86474609375
2021-12-16,701.8948364257812,2130.669921875,1556.689697265625,1088.7694091796875
2021-12-17,689.2382202148438,2057.555908203125,1599.965087890625,1060.03173828125
2021-12-20,667.059814453125,2093.398193359375,1580.677978515625,1031.45263671875
2021-12-21,674.6163940429688,2096.858154296875,1591.8372802734375,1046.806396484375
2021-12-22,676.2072143554688,2101.2861328125,1603.3482666015625,1071.64892578125
2021-12-23,675.6925659179688,2122.50537109375,1632.257080078125,1071.26416015625
2021-12-24,673.259521484375,2119.091796875,1637.44140625,1074.6837158203125
2021-12-27,678.8275146484375,2123.197021484375,1639.77001953125,1073.5286865234375
2021-12-28,683.5065307617188,2130.300537109375,1658.9693603515625,1086.2783203125
2021-12-29,680.2545776367188,2128.224853515625,1656.8165283203125,1088.13525390625
2021-12-30,683.833984375,2145.523193359375,1663.2310791015625,1068.478759765625
2021-12-31,692.2094116210938,2177.39794921875,1658.7496337890625,1072.5777587890625
2022-01-03,711.0422973632812,2178.458984375,1668.1517333984375,1088.74658203125
2022-01-04,715.2066650390625,2215.3154296875,1668.7666015625,1113.3175048828125
2022-01-05,732.1912841796875,2228.7392578125,1620.878173828125,1118.526123046875
2022-01-06,720.4470825195312,2206.22802734375,1597.2852783203125,1094.4761962890625
2022-01-07,725.5004272460938,2229.0615234375,1594.209716796875,1103.3079833984375
2022-01-10,729.5242919921875,2220.666748046875,1626.238037109375,1104.2138671875
2022-01-11,732.6825561523438,2217.52978515625,1630.499755859375,1112.16259765625
2022-01-12,728.3545532226562,2226.2939453125,1649.69921875,1141.8511962890625
2022-01-13,714.94921875,2227.2626953125,1666.701904296875,1148.2828369140625
2022-01-14,722.9736938476562,2180.673095703125,1695.3033447265625,1149.95849609375
2022-01-17,711.9078979492188,2204.521484375,1704.2220458984375,1155.9595947265625
2022-01-18,715.5340576171875,2186.02392578125,1687.7464599609375,1142.16845703125
2022-01-19,710.4808349609375,2131.03857421875,1640.5606689453125,1142.0780029296875
2022-01-20,706.0591430664062,2086.66357421875,1602.4693603515625,1122.0814208984375
2022-01-21,711.9547119140625,2145.338623046875,1569.0792236328125,1122.2625732421875
2022-01-24,695.6016235351562,2107.697998046875,1526.1112060546875,1076.9935302734375
2022-01-25,696.2567138671875,2147.045166015625,1513.23828125,1074.8875732421875
2022-01-27,690.127197265625,2117.615478515625,1474.971435546875,1058.9674072265625
2022-01-28,684.6527709960938,2106.72900390625,1481.6492919921875,1057.9482421875
2022-01-31,695.1571655273438,2097.688232421875,1525.5838623046875,1080.933837890625
2022-02-01,700.4443969726562,2127.11767578125,1557.085205078125,1077.3558349609375
2022-02-02,716.4464721679688,2147.645263671875,1570.309326171875,1079.552490234375
2022-02-03,709.0302734375,2120.198486328125,1527.6490478515625,1065.6026611328125
2022-02-04,713.07763671875,2127.994384765625,1529.889404296875,1055.8875732421875
2022-02-07,686.9454956054688,2082.788818359375,1506.9556884765625,1049.4560546875
2022-02-08,683.9977416992188,2089.01611328125,1508.9766845703125,1067.0972900390625
2022-02-09,700.72509765625,2101.2861328125,1526.55078125,1079.5299072265625
2022-02-10,713.5923461914062,2106.360595703125,1554.93212890625,1078.4202880859375
2022-02-11,710.6680297851562,2083.15771484375,1512.5352783203125,1076.314208984375
2022-02-14,689.5423583984375,2055.98828125,1478.1346435546875,1059.1712646484375
2022-02-15,710.1766967773438,2112.77197265625,1527.38525390625,1095.1329345703125
2022-02-16,709.217529296875,2109.450927734375,1523.0357666015625,1092.8682861328125
2022-02-17,704.8894653320312,2128.87060546875,1515.5670166015625,1106.7047119140625
2022-02-18,707.6265869140625,2133.48388671875,1499.8819580078125,1098.0543212890625
2022-02-21,712.1885986328125,2117.108154296875,1520.751220703125,1086.9576416015625
2022-02-22,706.8545532226562,2094.182373046875,1523.9583740234375,1082.0208740234375
2022-02-23,702.2692260742188,2085.371826171875,1531.4273681640625,1075.249755859375
2022-02-24,664.1354370117188,2003.26318359375,1474.5760498046875,1021.6694946289062
2022-02-25,681.3073120117188,2002.617431640625,1489.030517578125,1034.4420166015625
2022-02-28,667.340576171875,2003.9093017578125,1507.48291015625,1068.6824951171875
2022-03-02,643.0098266601562,1982.6903076171875,1496.2357177734375,1086.3463134765625
2022-03-03,641.4890747070312,1929.0887451171875,1512.0960693359375,1077.1746826171875
2022-03-04,639.3836669921875,1863.125244140625,1514.2490234375,1053.2830810546875
2022-03-07,619.872314453125,1793.4251708984375,1528.791259765625,1014.3323974609375
2022-03-08,621.2759399414062,1798.084228515625,1562.4891357421875,1012.498046875
2022-03-09,641.5592651367188,1843.19775390625,1593.375244140625,1066.214111328125
2022-03-10,651.6425170898438,1939.19091796875,1604.4027099609375,1083.4927978515625
2022-03-11,653.5609741210938,1932.225341796875,1600.975830078125,1086.617919921875
2022-03-14,674.96728515625,1899.843505859375,1661.341796875,1095.54052734375
2022-03-15,666.2877197265625,1880.3770751953125,1616.1771240234375,1070.4488525390625
2022-03-16,677.5875854492188,1911.69873046875,1660.199462890625,1088.520263671875
2022-03-17,692.5134887695312,1939.283203125,1629.6212158203125,1124.0064697265625
2022-03-21,695.5313720703125,1892.370361328125,1628.25927734375,1117.5296630859375
2022-03-22,699.1109619140625,1839.138427734375,1658.442138671875,1146.4031982421875
2022-03-23,692.1392211914062,1825.34619140625,1645.2618408203125,1150.049072265625
2022-03-24,675.0140991210938,1813.67578125,1657.8271484375,1167.9166259765625
2022-03-25,669.5162353515625,1801.7745361328125,1648.9083251953125,1175.7069091796875
2022-03-28,670.4053344726562,1822.163330078125,1646.579833984375,1187.5281982421875
2022-03-29,679.2954711914062,1833.18798828125,1657.2119140625,1187.7999267578125
2022-03-30,691.06298828125,1859.8040771484375,1672.984375,1210.626953125
2022-03-31,687.974853515625,1890.018310546875,1675.5325927734375,1193.325439453125
2022-04-01,704.6554565429688,1917.2337646484375,1672.6329345703125,1202.882080078125
2022-04-04,775.2146606445312,1963.638916015625,1654.5318603515625,1206.4375
2022-04-05,752.4981689453125,1974.1103515625,1635.33251953125,1189.385009765625
2022-04-06,725.640625,1976.18603515625,1606.9947509765625,1186.214599609375
2022-04-07,709.6854248046875,1997.1744384765625,1591.31005859375,1165.2899169921875
2022-04-08,708.7027587890625,2014.011474609375,1594.4735107421875,1184.6746826171875
2022-04-11,700.0466918945312,1995.5595703125,1552.2523193359375,1182.206298828125
2022-04-12,698.806640625,1967.1446533203125,1531.07568359375,1159.9454345703125
2022-04-13,685.4483032226562,1985.504150390625,1536.4359130859375,1155.68798828125
2022-04-18,652.9292602539062,2009.0291748046875,1424.710205078125,1152.1552734375
2022-04-19,628.0136108398438,1949.431640625,1372.5159912109375,1196.065673828125
2022-04-20,633.67529296875,1997.3128662109375,1395.0982666015625,1231.234619140625
2022-04-21,643.056640625,2027.75732421875,1422.42578125,1260.06298828125
2022-04-22,634.2835083007812,1962.2550048828125,1393.1212158203125,1249.510009765625
2022-04-25,639.03271484375,1938.0838623046875,1371.7249755859375,1220.61376953125
2022-04-26,641.9804077148438,1981.998046875,1389.2110595703125,1257.1414794921875
2022-04-27,642.21435546875,1978.9998779296875,1364.43212890625,1258.3646240234375
2022-04-28,641.65283203125,2068.258056640625,1390.616943359375,1277.1605224609375
2022-04-29,647.8525390625,2061.800537109375,1377.3927001953125,1263.75439453125
2022-05-02,656.7894287109375,2057.787109375,1354.0634765625,1259.315673828125
2022-05-04,634.470703125,2003.4019775390625,1349.2745361328125,1220.0023193359375
2022-05-05,633.0435791015625,1998.8350830078125,1392.85791015625,1196.11083984375
2022-05-06,616.5032958984375,1982.7822265625,1355.6890869140625,1186.9393310546875
2022-05-09,617.55615234375,1952.75244140625,1379.8529052734375,1140.583251953125
2022-05-10,627.4755859375,2011.5662841796875,1364.6077880859375,1120.813232421875
2022-05-11,631.0081787109375,1995.9752197265625,1341.5418701171875,1109.331787109375
2022-05-12,616.784423828125,1973.1878662109375,1325.7696533203125,1086.731201171875
2022-05-13,611.2462768554688,2024.2056884765625,1321.9033203125,1099.0506591796875
2022-05-16,617.7547607421875,2045.5631103515625,1308.4593505859375,1099.322509765625
2022-05-17,621.9674682617188,2071.1640625,1334.2489013671875,1145.497314453125
2022-05-18,621.920166015625,2113.9716796875,1326.1209716796875,1149.6641845703125
2022-05-19,609.2109375,2089.20068359375,1254.024658203125,1123.16845703125
2022-05-20,625.2572021484375,2145.84619140625,1278.6278076171875,1188.660400390625
2022-05-23,617.2340698242188,2195.5263671875,1290.2705078125,1180.7117919921875
2022-05-24,624.3104248046875,2130.80810546875,1266.1943359375,1184.7652587890625
2022-05-25,628.9728393554688,2120.706298828125,1239.3502197265625,1183.021728515625
2022-05-26,646.9124145507812,2103.638671875,1251.212646484375,1171.7440185546875
2022-05-27,658.9114990234375,2150.13623046875,1284.0758056640625,1166.308837890625
2022-05-30,663.408203125,2167.065185546875,1341.586181640625,1206.935546875
2022-05-31,657.4441528320312,2171.0322265625,1335.1925048828125,1192.37451171875
2022-06-01,660.2368774414062,2129.701171875,1312.9482421875,1192.75927734375
2022-06-02,655.6218872070312,2107.8828125,1339.0997314453125,1233.88427734375
2022-06-03,653.3497924804688,2114.478759765625,1351.26513671875,1258.88525390625
2022-06-06,652.47412109375,2103.915283203125,1358.6800537109375,1253.4730224609375
2022-06-07,644.9717407226562,2040.3502197265625,1337.9451904296875,1255.8282470703125
2022-06-08,647.2437744140625,2026.9271240234375,1331.9957275390625,1233.7711181640625
2022-06-09,652.1190795898438,2027.5264892578125,1345.315673828125,1267.60400390625
2022-06-10,639.5282592773438,2029.5562744140625,1311.39404296875,1229.3326416015625
2022-06-13,627.9315185546875,2026.78857421875,1264.9517822265625,1206.0750732421875
2022-06-14,621.020751953125,2002.8941650390625,1279.2044677734375,1190.3135986328125
2022-06-15,618.8670043945312,1997.8218994140625,1262.9095458984375,1175.9107666015625
2022-06-16,606.4892578125,1997.9615478515625,1240.7095947265625,1159.4698486328125
2022-06-17,610.489013671875,1964.22314453125,1231.9183349609375,1173.0572509765625
2022-06-20,625.8251342773438,2043.752685546875,1255.76123046875,1151.7928466796875
2022-06-21,632.6412963867188,2052.222412109375,1287.5072021484375,1170.3851318359375
2022-06-22,629.6591796875,2050.22119140625,1276.27392578125,1134.831298828125
2022-06-23,631.978515625,2096.5244140625,1289.771240234375,1116.419921875
2022-06-24,640.806396484375,2144.269775390625,1279.692626953125,1132.3175048828125
2022-06-27,641.9659423828125,2159.859130859375,1309.4405517578125,1128.9656982421875
2022-06-28,637.0670166015625,2157.066650390625,1314.368896484375,1144.840576171875
2022-06-29,636.1438598632812,2078.701171875,1299.36181640625,1168.59619140625
2022-06-30,638.06103515625,2076.048095703125,1298.1630859375,1175.616455078125
2022-07-01,640.7826538085938,2124.212646484375,1313.7030029296875,1090.943359375
2022-07-04,641.6820068359375,2210.62939453125,1321.33984375,1093.2080078125
2022-07-05,640.2383422851562,2235.107421875,1310.6392822265625,1102.0625
2022-07-06,649.0661010742188,2325.29345703125,1324.5810546875,1092.3699951171875
2022-07-07,660.6866455078125,2301.6064453125,1330.8411865234375,1081.61328125
2022-07-08,661.3018798828125,2323.850830078125,1344.8271484375,1083.10791015625
2022-07-11,665.5856323242188,2318.03369140625,1308.153076171875,1097.827880859375
2022-07-12,658.793212890625,2279.828369140625,1277.47265625,1096.2650146484375
2022-07-13,642.723388671875,2324.688232421875,1282.6673583984375,1076.8349609375
2022-07-14,639.504638671875,2324.73486328125,1268.814697265625,1085.7122802734375
2022-07-15,644.7113647460938,2390.5361328125,1270.1468505859375,1087.818359375
2022-07-18,637.8479614257812,2376.5751953125,1323.0269775390625,1097.0804443359375
2022-07-19,638.0846557617188,2390.024169921875,1317.9210205078125,1103.806396484375
2022-07-20,646.13134765625,2424.0419921875,1345.582275390625,1133.653564453125
2022-07-21,644.0960083007812,2426.78759765625,1361.2109375,1126.0897216796875
2022-07-22,659.1244506835938,2457.640869140625,1337.590087890625,1133.6988525390625
2022-07-25,661.065185546875,2441.818603515625,1335.1925048828125,1096.242431640625
2022-07-26,659.7162475585938,2370.61865234375,1288.6170654296875,1096.7406005859375
2022-07-27,664.7572631835938,2403.05419921875,1306.2880859375,1095.6990966796875
2022-07-28,670.6503295898438,2438.561279296875,1347.4468994140625,1112.86474609375
2022-07-29,678.86279296875,2454.662353515625,1376.129150390625,1136.574951171875
2022-08-01,684.5191650390625,2413.338623046875,1377.327880859375,1166.1956787109375
2022-08-02,676.9931640625,2452.661376953125,1370.7125244140625,1170.6343994140625
2022-08-03,678.5787963867188,2444.3779296875,1390.692138671875,1180.4625244140625
2022-08-04,677.7741088867188,2445.866943359375,1420.70654296875,1164.8594970703125
2022-08-05,675.4783935546875,2462.10791015625,1435.5806884765625,1147.6939697265625
2022-08-08,692.0452880859375,2466.715087890625,1438.0225830078125,1162.708251953125
2022-08-10,694.0570068359375,2459.68798828125,1422.9708251953125,1169.6605224609375
2022-08-11,703.23974609375,2432.604248046875,1438.5108642578125,1173.5556640625
2022-08-12,702.9794311523438,2415.153564453125,1415.5562744140625,1192.5328369140625
2022-08-16,711.0262451171875,2461.2705078125,1417.64306640625,1200.8211669921875
2022-08-17,714.694580078125,2498.638427734375,1426.3455810546875,1207.09423828125
2022-08-18,715.5465698242188,2496.218505859375,1405.6551513671875,1209.2833251953125
2022-08-19,706.7188110351562,2452.010009765625,1418.219970703125,1187.7222900390625
2022-08-22,695.9739990234375,2444.70361328125,1399.172607421875,1184.4278564453125
2022-08-23,693.8203125,2413.105712890625,1369.6468505859375,1202.694580078125
2022-08-24,697.1573486328125,2408.917724609375,1365.295654296875,1199.490966796875
2022-08-25,693.3706665039062,2395.8408203125,1348.1129150390625,1195.9921875
2022-08-26,693.4889526367188,2393.375,1351.1322021484375,1189.60791015625
2022-08-29,681.3241577148438,2397.330810546875,1298.02978515625,1180.3609619140625
2022-08-30,703.4290771484375,2475.556884765625,1325.7352294921875,1198.6729736328125
2022-09-01,696.8259887695312,2425.43798828125,1300.205322265625,1163.4345703125
2022-09-02,703.1450805664062,2423.204345703125,1290.2598876953125,1149.8482666015625
2022-09-05,707.6654663085938,2420.412109375,1297.6300048828125,1167.7060546875
2022-09-06,704.9674682617188,2394.817626953125,1292.1246337890625,1179.997314453125
2022-09-07,701.63037109375,2386.906494140625,1294.3890380859375,1173.135986328125
2022-09-08,708.8724975585938,2398.586669921875,1310.594970703125,1174.7945556640625
2022-09-09,709.3458251953125,2409.3369140625,1342.3408203125,1167.4788818359375
2022-09-12,706.9554443359375,2401.611572265625,1364.1409912109375,1180.5426025390625
2022-09-13,716.2091674804688,2407.38232421875,1371.9112548828125,1190.4031982421875
2022-09-14,723.5696411132812,2393.2353515625,1310.151123046875,1176.135009765625
2022-09-15,719.8065795898438,2382.99755859375,1272.3223876953125,1164.4798583984375
2022-09-16,706.5767822265625,2352.981689453125,1222.8165283203125,1135.625732421875
2022-09-19,711.2391357421875,2400.54150390625,1234.582275390625,1137.1024169921875
2022-09-20,719.8065795898438,2404.543701171875,1233.0284423828125,1137.2841796875
2022-09-21,718.6941528320312,2441.818603515625,1222.9940185546875,1140.4195556640625
2022-09-22,703.3817138671875,2506.17724609375,1214.735595703125,1129.673095703125
2022-09-23,684.5191650390625,2496.218505859375,1212.515625,1108.498291015625
2022-09-26,675.2891235351562,2476.20849609375,1225.6580810546875,1080.257568359375
2022-09-27,669.2302856445312,2493.612548828125,1237.468505859375,1088.8455810546875
2022-09-28,657.728271484375,2514.87939453125,1238.4893798828125,1059.855224609375
2022-09-29,654.320068359375,2513.43701171875,1241.9970703125,1056.6064453125
2022-09-30,672.7803344726562,2509.620849609375,1255.1395263671875,1080.4393310546875
2022-10-03,668.922607421875,2440.794921875,1237.64599609375,1076.6905517578125
2022-10-04,687.7615966796875,2483.095458984375,1269.3031005859375,1096.547607421875
2022-10-06,680.1881103515625,2432.8837890625,1292.1690673828125,1100.5916748046875
2022-10-07,677.2534790039062,2419.574462890625,1288.661376953125,1105.2493896484375
2022-10-10,669.7745971679688,2425.065673828125,1298.8289794921875,1093.1851806640625
2022-10-11,662.9822387695312,2373.923095703125,1264.3304443359375,1071.4195556640625
2022-10-12,667.3132934570312,2411.80322265625,1268.6815185546875,1079.3033447265625
2022-10-13,659.645263671875,2388.581787109375,1260.8671875,1082.7340087890625
2022-10-14,681.1348266601562,2397.330810546875,1309.1297607421875,1077.23583984375
2022-10-17,684.70849609375,2411.05859375,1323.0712890625,1094.5255126953125
2022-10-18,683.430419921875,2421.947998046875,1335.281005859375,1113.83740234375
2022-10-19,690.4359130859375,2404.03125,1319.0753173828125,1133.2174072265625
2022-10-20,685.7734985351562,2420.69140625,1332.794921875,1136.2618408203125
2022-10-21,680.9454956054688,2470.018798828125,1332.4398193359375,1123.084228515625
2022-10-24,691.572021484375,2394.817626953125,1347.846435546875,1126.8331298828125
2022-10-25,686.7675170898438,2331.80810546875,1355.3499755859375,1109.4298095703125
2022-10-27,688.4241943359375,2344.465576171875,1368.0523681640625,1113.7918701171875
2022-10-28,690.4595336914062,2349.35205078125,1358.447021484375,1147.87158203125
2022-10-31,708.4464721679688,2373.969482421875,1380.3509521484375,1158.5272216796875
2022-11-01,716.2802124023438,2390.92822265625,1412.0849609375,1149.5528564453125
2022-11-02,716.7298583984375,2359.54052734375,1394.4000244140625,1156.7322998046875
2022-11-03,713.5822143554688,2385.822265625,1374.1568603515625,1161.049072265625
2022-11-04,708.6594848632812,2361.461181640625,1359.120361328125,1178.134521484375
2022-11-07,714.1738891601562,2373.12646484375,1353.2403564453125,1184.4278564453125
2022-11-09,713.9608764648438,2350.639404296875,1356.606689453125,1183.2464599609375
2022-11-10,721.7236328125,2355.13671875,1348.3031005859375,1168.9329833984375
2022-11-11,762.6200561523438,2345.251708984375,1409.4813232421875,1195.878662109375
2022-11-14,764.4661254882812,2302.8544921875,1423.12646484375,1190.0849609375
2022-11-15,766.3358154296875,2302.5732421875,1430.9365234375,1184.7459716796875
2022-11-16,772.915283203125,2321.640625,1438.8363037109375,1177.9527587890625
2022-11-17,765.9335327148438,2304.915771484375,1425.01171875,1180.9970703125
2022-11-18,763.921875,2327.12158203125,1430.39794921875,1180.3609619140625
2022-11-21,756.0880737304688,2343.70556640625,1407.775634765625,1159.117919921875
2022-11-22,754.9756469726562,2357.104248046875,1422.9022216796875,1165.547607421875
2022-11-23,756.9400634765625,2349.280517578125,1421.1964111328125,1161.9124755859375
2022-11-24,769.246826171875,2388.445556640625,1463.0740966796875,1171.931884765625
2022-11-25,765.69677734375,2377.4833984375,1468.325927734375,1189.4261474609375
2022-11-28,757.460693359375,2366.00537109375,1457.328857421875,1230.2989501953125
2022-11-29,756.32470703125,2468.1337890625,1462.40087890625,1232.411865234375
2022-11-30,761.342041015625,2515.122314453125,1467.6973876953125,1241.113525390625
2022-12-01,766.5724487304688,2494.977294921875,1487.58154296875,1237.45556640625
2022-12-02,760.7030639648438,2450.23828125,1470.3455810546875,1236.93310546875
2022-12-05,763.4721069335938,2454.688232421875,1472.0062255859375,1218.8936767578125
2022-12-06,762.6200561523438,2487.200927734375,1447.903076171875,1222.415283203125
2022-12-07,762.2887573242188,2536.672607421875,1441.260009765625,1204.375732421875
2022-12-08,766.5724487304688,2534.891845703125,1454.4114990234375,1203.8077392578125
2022-12-09,772.03955078125,2550.632568359375,1408.76318359375,1185.5638427734375
2022-12-12,778.0509643554688,2545.9482421875,1388.923828125,1187.3814697265625
2022-12-13,780.2047119140625,2539.436767578125,1411.32177734375,1192.7886962890625
2022-12-14,786.8076782226562,2515.403076171875,1417.8299560546875,1188.471923828125
2022-12-15,772.3945922851562,2495.3525390625,1382.909423828125,1171.591064453125
2022-12-16,776.1102905273438,2502.894775390625,1366.4813232421875,1165.7974853515625
2022-12-19,778.5243530273438,2546.744873046875,1353.150634765625,1181.1107177734375
2022-12-20,773.1519165039062,2505.93994140625,1353.1058349609375,1191.3345947265625
2022-12-21,765.6731567382812,2498.11669921875,1355.1256103515625,1174.3856201171875
2022-12-22,763.0460815429688,2478.580810546875,1366.346923828125,1171.34130859375
2022-12-23,756.2301025390625,2455.85986328125,1343.94921875,1136.989013671875
2022-12-26,771.2821655273438,2452.43994140625,1348.7071533203125,1146.9173583984375
2022-12-27,772.0631713867188,2429.765380859375,1359.8834228515625,1156.3006591796875
2022-12-28,771.4478759765625,2420.72412109375,1355.6641845703125,1156.1871337890625
2022-12-29,776.891357421875,2406.15380859375,1362.3072509765625,1155.66455078125
2022-12-30,770.6668701171875,2399.595458984375,1353.91357421875,1157.4366455078125
2023-01-02,770.9271850585938,2397.1123046875,1368.09716796875,1170.4779052734375
2023-01-03,775.96826171875,2381.793212890625,1366.7957763671875,1161.9124755859375
2023-01-04,762.0994873046875,2376.21826171875,1341.884521484375,1144.418212890625
2023-01-05,757.2003173828125,2420.8173828125,1324.28955078125,1142.3734130859375
2023-01-06,754.6917114257812,2414.0244140625,1300.32080078125,1152.75634765625
2023-01-09,756.1591186523438,2458.623779296875,1332.5931396484375,1179.9747314453125
2023-01-10,742.3375854492188,2477.17529296875,1319.3970947265625,1162.52587890625
2023-01-11,753.0350341796875,2429.765380859375,1320.743408203125,1147.87158203125
2023-01-12,757.058349609375,2426.767333984375,1329.136962890625,1123.084228515625
2023-01-13,757.650146484375,2458.576904296875,1349.8292236328125,1121.2667236328125
2023-01-16,750.3843383789062,2433.372802734375,1369.4439697265625,1110.5885009765625
2023-01-17,761.5551147460938,2499.381591796875,1382.01171875,1126.3560791015625
2023-01-18,774.9979858398438,2516.855712890625,1387.308349609375,1124.492919921875
2023-01-19,778.2166137695312,2482.70361328125,1381.47314453125,1123.288818359375
2023-01-20,786.1923828125,2388.070556640625,1369.4888916015625,1109.9295654296875
2023-01-23,791.9434814453125,2432.716796875,1389.642333984375,1104.3177490234375
2023-01-24,802.5462646484375,2436.558349609375,1393.143310546875,1097.7972412109375
2023-01-25,780.3703002929688,2457.03076171875,1385.1536865234375,1082.620361328125
2023-01-27,764.8211059570312,2447.473876953125,1363.7435302734375,1062.081787109375
2023-01-30,764.0401000976562,2406.24755859375,1381.3834228515625,1072.26025390625
2023-01-31,758.9990234375,2414.3056640625,1376.85009765625,1069.579345703125
2023-02-01,770.3829345703125,2411.962890625,1392.4251708984375,1063.2406005859375
2023-02-02,758.9281005859375,2468.74267578125,1421.7349853515625,1057.3560791015625
2023-02-03,785.1748046875,2481.766357421875,1435.7840576171875,1058.2874755859375
2023-02-06,781.8377075195312,2471.319580078125,1409.2568359375,1050.3128662109375
2023-02-07,782.997314453125,2437.2138671875,1402.5692138671875,1047.7911376953125
2023-02-08,782.9027099609375,2419.97412109375,1427.79443359375,1068.7158203125
2023-02-09,781.2697143554688,2423.6279296875,1451.5836181640625,1070.5789794921875
2023-02-10,784.3700561523438,2415.008056640625,1443.998046875,1061.763671875
2023-02-13,784.9617309570312,2418.28759765625,1407.1025390625,1055.7200927734375
2023-02-14,792.2274169921875,2416.97607421875,1430.2630615234375,1080.5985107421875
2023-02-15,790.6181030273438,2387.78955078125,1433.674560546875,1105.0675048828125
2023-02-16,787.7544555664062,2367.78564453125,1437.9385986328125,1104.2042236328125
2023-02-17,783.8020629882812,2356.916748046875,1421.77978515625,1108.8162841796875
2023-02-20,776.4415893554688,2353.122314453125,1429.544921875,1097.093017578125
2023-02-21,779.3526611328125,2357.52587890625,1417.9197998046875,1106.0445556640625
2023-02-22,764.0638427734375,2336.819580078125,1402.030517578125,1080.9617919921875
2023-02-23,758.8806762695312,2333.63330078125,1392.06591796875,1075.7816162109375
2023-02-24,752.1119384765625,2327.59033203125,1392.021240234375,1083.1429443359375
2023-02-27,753.981689453125,2312.552001953125,1354.901123046875,1075.9407958984375
2023-02-28,757.153076171875,2305.5244140625,1335.376220703125,1055.3565673828125
2023-03-01,756.4193725585938,2310.771728515625,1343.0067138671875,1065.0579833984375
2023-03-02,749.98193359375,2300.55908203125,1321.5513916015625,1056.9471435546875
2023-03-03,764.8684692382812,2315.222412109375,1327.969970703125,1083.9154052734375
2023-03-06,770.2645874023438,2328.19921875,1353.2403564453125,1094.5028076171875
2023-03-08,771.8028564453125,2328.43359375,1339.9991455078125,1098.4334716796875
2023-03-09,771.8738403320312,2306.227294921875,1328.95751953125,1072.0330810546875
2023-03-10,751.969970703125,2310.022216796875,1321.0130615234375,1055.4248046875
2023-03-13,742.4559326171875,2300.32470703125,1288.2916259765625,1038.06689453125
2023-03-14,740.4678344726562,2288.471923828125,1274.7364501953125,1034.181884765625
2023-03-15,729.8414306640625,2254.4140625,1274.422119140625,1016.5057373046875
2023-03-16,734.5747680664062,2304.306884765625,1260.462890625,1011.4392700195312
2023-03-17,744.3965454101562,2293.109619140625,1275.36474609375,1010.1670532226562
2023-03-20,739.2371826171875,2352.887939453125,1260.0589599609375,1000.238525390625
2023-03-21,747.615234375,2307.351806640625,1248.43359375,1031.341796875
2023-03-22,745.8875732421875,2320.23486328125,1247.132080078125,1034.477294921875
2023-03-23,739.8998413085938,2328.43359375,1233.9359130859375,1021.3906860351562
2023-03-24,738.7164916992188,2324.404052734375,1239.411865234375,1001.1699829101562
2023-03-27,741.9351196289062,2341.45703125,1246.86279296875,1016.7330322265625
2023-03-28,747.97021484375,2326.278564453125,1236.6737060546875,1021.4815673828125
2023-03-29,751.567626953125,2371.299072265625,1242.01513671875,1015.4381103515625
2023-03-31,761.8629150390625,2398.939453125,1281.873046875,1059.218994140625
2023-04-03,762.3361206054688,2376.21826171875,1266.5223388671875,1059.4007568359375
2023-04-05,782.7843627929688,2419.927490234375,1277.9232177734375,1056.856201171875
2023-04-06,788.7484130859375,2403.530517578125,1276.44189453125,1063.9447021484375
2023-04-10,785.0090942382812,2372.517333984375,1281.558837890625,1056.401611328125
2023-04-11,787.3047485351562,2387.134033203125,1262.30322265625,1061.6273193359375
2023-04-12,797.52880859375,2369.518798828125,1282.1873779296875,1066.3077392578125
2023-04-13,801.1025390625,2376.311767578125,1247.0869140625,1070.3289794921875
2023-04-17,788.890380859375,2390.9755859375,1129.5780029296875,1075.759033203125
2023-04-18,785.553466796875,2380.856201171875,1130.5205078125,1063.4449462890625
2023-04-19,788.440673828125,2372.001953125,1106.14794921875,1068.73876953125
2023-04-20,791.37548828125,2335.460693359375,1098.248291015625,1066.0347900390625
2023-04-21,792.6534423828125,2340.47314453125,1101.7940673828125,1067.3753662109375
2023-04-24,799.0671997070312,2342.159912109375,1100.851806640625,1071.465087890625
2023-04-25,787.7070922851562,2333.44580078125,1099.5948486328125,1079.666748046875
2023-04-26,791.3281860351562,2352.51318359375,1101.9736328125,1073.328125
2023-04-27,795.682861328125,2313.302001953125,1118.7606201171875,1080.121337890625
2023-04-28,798.806884765625,2302.3857421875,1124.5958251953125,1099.86474609375
2023-05-02,798.6412353515625,2297.138916015625,1146.7689208984375,1109.2025146484375
2023-05-03,801.4338989257812,2329.2763671875,1139.318115234375,1099.6829833984375
2023-05-04,817.8350830078125,2348.71826171875,1143.26806640625,1112.360595703125
2023-05-05,769.4835205078125,2343.0966796875,1130.2960205078125,1109.5206298828125
2023-05-08,778.3822631835938,2357.66650390625,1136.131103515625,1123.220703125
2023-05-09,778.4059448242188,2357.19775390625,1140.70947265625,1126.69677734375
2023-05-10,782.0033569335938,2363.662841796875,1134.0216064453125,1134.4442138671875
2023-05-11,782.5239868164062,2428.96875,1127.60302734375,1127.03759765625
2023-05-12,789.434814453125,2458.014404296875,1117.8179931640625,1128.8778076171875
2023-05-15,793.2214965820312,2494.41552734375,1129.622802734375,1131.104248046875
2023-05-16,788.6731567382812,2507.20458984375,1134.96435546875,1114.9962158203125
2023-05-17,784.4360961914062,2493.947021484375,1119.3441162109375,1108.4073486328125
2023-05-18,787.572021484375,2461.90283203125,1118.5362548828125,1106.02197265625
2023-05-19,788.481689453125,2474.9267578125,1139.0936279296875,1109.6114501953125
2023-05-22,785.680908203125,2471.7880859375,1160.5489501953125,1115.5413818359375
2023-05-23,783.8375854492188,2462.605712890625,1167.05712890625,1115.3369140625
2023-05-24,773.5921020507812,2450.09716796875,1165.80029296875,1108.8389892578125
2023-05-25,770.6237182617188,2433.51318359375,1170.9169921875,1108.7027587890625
2023-05-26,773.5921020507812,2485.1396484375,1182.6771240234375,1138.9427490234375
2023-05-29,783.0238037109375,2483.218505859375,1179.939208984375,1145.3497314453125
2023-05-30,783.6221923828125,2489.074951171875,1188.42236328125,1145.0543212890625
2023-05-31,771.22216796875,2499.381591796875,1183.4400634765625,1122.3118896484375
2023-06-01,767.9425659179688,2527.81787109375,1184.5174560546875,1119.2900390625
2023-06-02,769.1395263671875,2545.432861328125,1181.7880859375,1115.6322021484375
2023-06-05,768.1340942382812,2525.850341796875,1186.791748046875,1125.6517333984375
2023-06-06,765.7402954101562,2521.493408203125,1163.5927734375,1126.6058349609375
2023-06-07,769.7140502929688,2544.964111328125,1172.644775390625,1135.148681640625
2023-06-08,770.1928100585938,2510.953125,1167.0498046875,1135.8302001953125
2023-06-09,771.1024780273438,2470.007568359375,1151.72021484375,1127.787353515625
2023-06-12,766.4105834960938,2476.80029296875,1175.374267578125,1128.7869873046875
2023-06-13,767.7032470703125,2507.20458984375,1187.1102294921875,1145.46337890625
2023-06-14,766.8653564453125,2528.6142578125,1183.0618896484375,1159.549560546875
2023-06-15,757.4337158203125,2520.134765625,1170.68896484375,1159.86767578125
2023-06-16,767.3441772460938,2544.44873046875,1175.101318359375,1171.1595458984375
2023-06-19,768.014404296875,2534.625,1177.2392578125,1159.52685546875
2023-06-20,769.6182861328125,2527.87109375,1185.791015625,1161.9351806640625
2023-06-21,783.0715942382812,2528.343505859375,1182.1065673828125,1165.2069091796875
2023-06-22,786.9017333984375,2507.325927734375,1165.9127197265625,1152.1202392578125
2023-06-23,786.8538208007812,2495.281982421875,1150.8560791015625,1142.6915283203125
2023-06-26,783.0477294921875,2505.20068359375,1155.7232666015625,1133.96728515625
2023-06-27,794.083251953125,2504.4921875,1163.7293701171875,1134.3760986328125
2023-06-28,802.4856567382812,2513.843505859375,1176.6478271484375,1149.3939208984375
2023-06-30,814.5745239257812,2529.807373046875,1214.9945068359375,1158.8226318359375
2023-07-03,823.3838500976562,2551.43896484375,1213.3570556640625,1188.5628662109375
2023-07-04,827.4053955078125,2550.447021484375,1223.7738037109375,1176.31689453125
2023-07-05,801.1211547851562,2603.203369140625,1225.72998046875,1174.3856201171875
2023-07-06,801.93505859375,2604.38427734375,1222.63671875,1199.0367431640625
2023-07-07,794.945068359375,2548.652587890625,1210.1727294921875,1196.696533203125
2023-07-10,793.0538940429688,2509.404296875,1209.2176513671875,1242.794921875
2023-07-11,789.1997680664062,2535.805908203125,1226.91259765625,1256.2677001953125
2023-07-12,781.8029174804688,2525.556396484375,1212.9932861328125,1257.6536865234375
2023-07-13,785.7047729492188,2507.656494140625,1241.923583984375,1246.4072265625
2023-07-14,787.3326416015625,2528.626953125,1297.2830810546875,1245.3623046875
2023-07-17,803.8021850585938,2533.160888671875,1294.5537109375,1270.8084716796875
2023-07-18,803.1319580078125,2534.19970703125,1342.0889892578125,1281.6002197265625
2023-07-19,806.7705688476562,2523.620361328125,1341.86181640625,1291.324462890625
2023-07-20,808.51806640625,2553.516845703125,1318.7081298828125,1289.760498046875
2023-07-21,802.2940673828125,2459.7646484375,1211.446533203125,1249.834716796875
2023-07-24,803.5628662109375,2437.330078125,1215.995361328125,1224.5548095703125
2023-07-25,812.2764282226562,2425.900146484375,1214.1756591796875,1223.767333984375
2023-07-26,809.4515991210938,2440.211181640625,1227.139892578125,1243.65625
2023-07-27,801.04931640625,2427.5068359375,1231.0518798828125,1232.0872802734375
2023-07-28,786.8538208007812,2441.439453125,1219.54345703125,1244.4686279296875
2023-07-31,790.5403442382812,2418.95751953125,1233.371826171875,1255.00390625
2023-08-01,795.8306884765625,2409.794921875,1242.0146484375,1237.25634765625
2023-08-02,785.4175415039062,2426.656005859375,1234.4180908203125,1224.0379638671875
2023-08-03,779.7442626953125,2409.983642578125,1241.196044921875,1218.8934326171875
2023-08-04,791.0191040039062,2404.977294921875,1253.978271484375,1235.45947265625
2023-08-07,790.5642700195312,2426.89208984375,1267.306396484375,1242.49951171875
2023-08-08,789.91796875,2423.7275390625,1264.7587890625,1235.0162353515625
2023-08-09,790.2052001953125,2410.833740234375,1268.5799560546875,1243.1641845703125
2023-08-10,783.1912841796875,2396.192138671875,1263.7581787109375,1248.702392578125
2023-08-11,775.0284423828125,2363.225341796875,1248.064453125,1253.969970703125
2023-08-14,771.24609375,2392.791748046875,1267.806640625,1268.788330078125
2023-08-16,768.995849609375,2411.211669921875,1290.50537109375,1267.7545166015625
2023-08-17,764.73486328125,2402.379638671875,1284.1826171875,1249.4654541015625
2023-08-18,761.598876953125,2413.24267578125,1263.4853515625,1258.7208251953125
2023-08-21,761.00048828125,2420.79931640625,1278.5875244140625,1244.986328125
2023-08-22,757.7448120117188,2423.680419921875,1277.0863037109375,1244.68994140625
2023-08-23,759.6119995117188,2431.4736328125,1280.9072265625,1246.0732421875
2023-08-24,756.1170043945312,2438.274658203125,1295.14501953125,1225.1258544921875
2023-08-25,747.594970703125,2421.55517578125,1291.9610595703125,1219.4691162109375
2023-08-28,755.3749389648438,2414.139892578125,1287.91259765625,1207.315673828125
2023-08-29,761.3834838867188,2386.226806640625,1289.7320556640625,1195.755126953125
2023-08-30,755.8297119140625,2391.705322265625,1305.6529541015625,1194.61865234375
2023-08-31,752.3587036132812,2366.29541015625,1305.9259033203125,1189.1595458984375
2023-09-01,753.9146728515625,2366.059326171875,1313.5679931640625,1191.950927734375
2023-09-04,758.630615234375,2362.84765625,1332.900390625,1190.9874267578125
2023-09-05,754.010498046875,2368.184814453125,1345.455322265625,1197.3607177734375
2023-09-06,763.873046875,2383.72314453125,1344.1361083984375,1199.88037109375
2023-09-07,771.22216796875,2368.562255859375,1333.901123046875,1201.5107421875
2023-09-08,777.230712890625,2374.56103515625,1336.994384765625,1209.5140380859375
2023-09-11,781.2523803710938,2395.767578125,1343.22607421875,1222.5570068359375
2023-09-12,783.6940307617188,2360.43896484375,1365.6522216796875,1204.89501953125
2023-09-13,787.04541015625,2367.71240234375,1363.150390625,1210.9222412109375
2023-09-14,786.5665893554688,2362.281005859375,1370.9742431640625,1212.0338134765625
2023-09-15,795.5913696289062,2332.903564453125,1375.2047119140625,1214.28173828125
2023-09-18,779.9357299804688,2350.8037109375,1357.191162109375,1203.709228515625
2023-09-20,748.6482543945312,2330.21142578125,1355.7811279296875,1176.8826904296875
2023-09-21,743.6930541992188,2336.3515625,1366.243408203125,1168.31103515625
2023-09-22,732.3462524414062,2344.947265625,1361.14892578125,1163.4447021484375
2023-09-25,732.9925537109375,2338.712890625,1341.1337890625,1156.2811279296875
2023-09-26,736.1763916015625,2341.640869140625,1328.85205078125,1157.2938232421875
2023-09-27,731.005615234375,2363.17822265625,1334.6290283203125,1170.3365478515625
2023-09-28,729.4974975585938,2324.071533203125,1309.56494140625,1153.14404296875
2023-09-29,730.742431640625,2329.03076171875,1305.9259033203125,1158.529052734375
2023-10-03,722.0048828125,2332.14794921875,1304.6068115234375,1145.263916015625
2023-10-04,732.29833984375,2368.9404296875,1314.022705078125,1143.2877197265625
2023-10-05,735.2667236328125,2379.992431640625,1331.3992919921875,1143.2630615234375
2023-10-06,734.452880859375,2360.95849609375,1345.273193359375,1145.18994140625
2023-10-09,725.9307250976562,2372.198974609375,1342.3165283203125,1135.4324951171875
2023-10-10,730.0481567382812,2376.828125,1360.2388916015625,1140.447021484375
2023-10-11,737.1099853515625,2414.80126953125,1359.5567626953125,1158.5537109375
2023-10-12,742.0173950195312,2415.36767578125,1333.2645263671875,1160.70263671875
2023-10-13,735.2667236328125,2427.128173828125,1302.0137939453125,1160.6534423828125
2023-10-16,732.3223266601562,2416.595947265625,1304.7432861328125,1158.0596923828125
2023-10-17,737.8759765625,2414.56494140625,1312.2943115234375,1163.593017578125
2023-10-18,727.6064453125,2407.1025390625,1310.56591796875,1148.154052734375
2023-10-19,725.3082885742188,2406.9609375,1304.2882080078125,1139.33544921875
2023-10-20,729.0667114257812,2356.94384765625,1298.4656982421875,1135.8525390625
2023-10-23,721.04736328125,2345.939208984375,1281.5440673828125,1118.1163330078125
2023-10-25,716.47509765625,2340.082763671875,1262.560302734375,1115.522705078125
2023-10-26,700.6279296875,2339.232177734375,1252.7919921875,1099.985107421875
2023-10-27,703.380859375,2344.5693359375,1272.0521240234375,1119.40087890625
2023-10-30,711.0171508789062,2341.59375,1269.01123046875,1142.4725341796875
2023-10-31,706.8997192382812,2346.41162109375,1261.0396728515625,1130.319091796875
2023-11-01,705.9421997070312,2335.312255859375,1247.90771484375,1135.0125732421875
2023-11-02,707.0194702148438,2366.284912109375,1262.6524658203125,1146.2767333984375
2023-11-03,710.370849609375,2387.64697265625,1280.0697021484375,1146.0296630859375
2023-11-06,715.517578125,2376.37109375,1293.20166015625,1155.564697265625
2023-11-07,712.0465087890625,2375.467041015625,1294.1231689453125,1148.0552978515625
2023-11-08,714.105224609375,2397.2578125,1281.86669921875,1154.033203125
2023-11-09,711.280517578125,2356.67431640625,1266.9376220703125,1141.50927734375
2023-11-10,714.0812377929688,2366.046630859375,1261.4544677734375,1143.658203125
2023-11-13,712.7886352539062,2358.053955078125,1265.7857666015625,1143.5101318359375
2023-11-15,720.2573852539062,2365.904052734375,1299.836669921875,1164.185791015625
2023-11-16,722.1484985351562,2370.47119140625,1331.537841796875,1166.285400390625
2023-11-17,720.5924682617188,2406.249267578125,1324.764404296875,1163.7412109375
2023-11-20,720.640380859375,2384.982421875,1323.8890380859375,1160.6781005859375
2023-11-21,726.74462890625,2383.8408203125,1326.1007080078125,1175.2769775390625
2023-11-22,724.1593017578125,2399.683837890625,1343.42578125,1179.87158203125
2023-11-23,728.3485107421875,2397.78076171875,1335.5465087890625,1183.4781494140625
2023-11-24,733.5192260742188,2393.30859375,1324.626220703125,1182.6876220703125
2023-11-28,731.867431640625,2388.8837890625,1329.5103759765625,1182.9346923828125
2023-11-29,746.4698486328125,2402.68115234375,1345.08447265625,1186.047119140625
2023-11-30,746.3023071289062,2422.187744140625,1340.983642578125,1174.5606689453125
2023-12-01,744.674560546875,2439.410400390625,1338.3572998046875,1182.88525390625
2023-12-04,770.5280151367188,2476.187255859375,1349.4617919921875,1195.680908203125
2023-12-05,777.3743286132812,2439.0302734375,1339.877685546875,1204.3514404296875
2023-12-06,779.3372802734375,2443.216552734375,1358.6312255859375,1215.8873291015625
2023-12-07,780.60595703125,2396.210693359375,1350.89013671875,1213.886474609375
2023-12-08,791.4978637695312,2400.064208984375,1374.1593017578125,1213.2442626953125
2023-12-11,790.4446411132812,2382.318115234375,1371.717041015625,1215.022705078125
2023-12-12,782.5928955078125,2381.4619140625,1360.243896484375,1197.5831298828125
2023-12-13,780.8214721679688,2390.16845703125,1335.316162109375,1202.4739990234375
2023-12-14,790.0376586914062,2394.40283203125,1383.6510009765625,1217.39404296875
2023-12-15,793.101806640625,2400.635498046875,1454.5638427734375,1232.9317626953125
2023-12-18,792.6947631835938,2412.624755859375,1441.6160888671875,1245.4803466796875
2023-12-19,791.3543090820312,2436.603515625,1436.0406494140625,1263.8094482421875
2023-12-20,793.3171997070312,2433.55859375,1415.85888671875,1248.518798828125
2023-12-21,807.5365600585938,2429.466796875,1415.4903564453125,1266.0079345703125
2023-12-22,799.9481201171875,2450.781494140625,1440.2799072265625,1267.242919921875
2023-12-26,805.5018310546875,2459.48828125,1422.8167724609375,1273.66552734375
2023-12-27,815.4841918945312,2481.89697265625,1444.1502685546875,1278.01318359375
2023-12-28,816.4177856445312,2506.160888671875,1440.049560546875,1287.251708984375
2023-12-29,818.3328247070312,2534.849609375,1421.8489990234375,1277.074462890625
2024-01-01,812.9945678710938,2526.095703125,1429.635986328125,1279.69287109375
2024-01-02,813.4733276367188,2487.13037109375,1414.015869140625,1290.2900390625
2024-01-03,800.9296264648438,2480.2314453125,1373.0994873046875,1276.2593994140625
2024-01-04,809.5234375,2466.91015625,1394.0184326171875,1282.8546142578125
2024-01-05,805.3821411132812,2493.0771484375,1412.31103515625,1288.3138427734375
2024-01-08,796.4052124023438,2453.302978515625,1403.3260498046875,1278.26025390625
2024-01-09,790.2052001953125,2454.730224609375,1409.3160400390625,1274.8758544921875
2024-01-10,792.8145141601562,2452.493896484375,1400.653564453125,1309.26123046875
2024-01-11,789.487060546875,2413.290771484375,1376.9698486328125,1343.6961669921875
2024-01-12,785.752685546875,2420.712890625,1486.2188720703125,1354.3919677734375
2024-01-15,800.8817749023438,2448.497802734375,1522.4814453125,1377.51318359375
2024-01-16,803.9219360351562,2444.596435546875,1503.5438232421875,1358.24560546875
2024-01-17,736.1045532226562,2438.69677734375,1511.51513671875,1345.35107421875
2024-01-18,711.5198974609375,2424.51904296875,1513.7269287109375,1351.6500244140625
2024-01-19,704.0989379882812,2441.07568359375,1529.0244140625,1351.156005859375
2024-01-23,683.3683471679688,2260.426025390625,1513.3121337890625,1312.7442626953125
2024-01-24,697.0371704101562,2323.322509765625,1543.9534912109375,1327.862060546875
2024-01-25,686.9830322265625,2310.61962890625,1538.147705078125,1336.9522705078125
2024-01-29,696.438720703125,2325.939453125,1526.62841796875,1430.7957763671875
2024-01-30,691.4834594726562,2339.4990234375,1521.88232421875,1390.852294921875
2024-01-31,700.2210083007812,2361.28955078125,1530.5911865234375,1409.6258544921875
2024-02-01,702.0402221679688,2353.724609375,1527.0433349609375,1409.650634765625
2024-02-02,692.3692016601562,2333.742431640625,1560.4952392578125,1440.3306884765625
2024-02-05,691.7467041015625,2302.246337890625,1554.82763671875,1421.878173828125
2024-02-06,691.3876953125,2308.764404296875,1593.7628173828125,1410.7869873046875
2024-02-07,684.6130981445312,2307.907958984375,1560.86376953125,1424.9659423828125
2024-02-08,671.734375,2299.9150390625,1559.34326171875,1432.845947265625
2024-02-09,671.9976196289062,2306.670654296875,1538.3780517578125,1443.3443603515625
2024-02-12,665.4864501953125,2270.03662109375,1548.2847900390625,1435.04443359375
2024-02-13,667.6168823242188,2277.98193359375,1552.3856201171875,1447.642333984375
2024-02-14,662.6378173828125,2272.22509765625,1535.4752197265625,1463.7235107421875
2024-02-15,677.0007934570312,2236.923095703125,1544.8291015625,1453.076904296875
2024-02-16,679.801513671875,2260.140869140625,1568.14404296875,1443.17138671875
2024-02-19,678.4609985351562,2271.4638671875,1566.3931884765625,1456.4364013671875
2024-02-20,696.2711181640625,2287.593017578125,1553.0308837890625,1453.4969482421875
2024-02-21,689.017822265625,2290.447509765625,1525.660888671875,1450.2115478515625
2024-02-22,679.6339721679688,2272.3681640625,1549.4366455078125,1464.0941162109375
2024-02-23,680.1365966796875,2278.0771484375,1545.2896728515625,1475.82763671875
2024-02-26,680.9505004882812,2287.7353515625,1529.89990234375,1469.6026611328125
2024-02-27,679.9212036132812,2288.734619140625,1533.079345703125,1467.94775390625
2024-02-28,674.7745361328125,2304.19677734375,1540.129150390625,1438.2803955078125
2024-02-29,671.9019165039062,2295.39501953125,1542.571044921875,1443.3939208984375
2024-03-01,684.99609375,2292.921142578125,1524.8775634765625,1474.345458984375
2024-03-04,685.9296875,2304.625,1508.75048828125,1489.4384765625
2024-03-05,689.8317260742188,2283.548583984375,1480.459228515625,1482.32421875
2024-03-06,690.6695556640625,2284.45263671875,1490.642333984375,1485.0908203125
2024-03-07,692.34521484375,2302.293701171875,1489.628662109375,1461.3028564453125
2024-03-11,683.5838012695312,2274.033203125,1475.02197265625,1449.1246337890625
2024-03-12,698.78466796875,2262.900146484375,1486.403076171875,1457.8446044921875
2024-03-13,699.1915893554688,2200.526611328125,1484.974853515625,1415.10986328125
2024-03-14,696.8216552734375,2221.460693359375,1523.5875244140625,1414.4180908203125
2024-03-15,695.4811401367188,2214.89501953125,1505.801513671875,1401.3260498046875
2024-03-18,692.3212890625,2188.489990234375,1476.9112548828125,1422.3228759765625
2024-03-19,693.9011840820312,2157.089111328125,1438.9434814453125,1408.267333984375
2024-03-20,685.1397705078125,2133.30078125,1432.95361328125,1426.546875
2024-03-21,692.1776733398438,2133.681396484375,1432.72314453125,1433.685791015625
2024-03-22,690.7891845703125,2147.193115234375,1390.470458984375,1437.6876220703125
2024-03-26,682.4347534179688,2131.445068359375,1375.5413818359375,1424.3978271484375
2024-03-27,689.7598876953125,2131.159912109375,1367.4320068359375,1475.061767578125
2024-03-28,693.2069702148438,2154.614990234375,1380.5179443359375,1468.1451416015625
2024-04-01,704.0271606445312,2175.12060546875,1378.12158203125,1467.0830078125
2024-04-02,708.6472778320312,2175.8818359375,1366.5103759765625,1469.2320556640625
2024-04-03,709.6766357421875,2155.423828125,1364.483154296875,1454.0650634765625
2024-04-04,731.36474609375,2155.185791015625,1370.0582275390625,1445.493408203125
2024-04-05,741.873779296875,2157.089111328125,1363.054443359375,1442.7020263671875
2024-04-08,740.4613647460938,2158.992431640625,1360.8427734375,1468.2686767578125
2024-04-09,741.3949584960938,2154.42431640625,1377.56884765625,1446.2098388671875
2024-04-10,735.5540161132812,2151.33203125,1388.58154296875,1461.945068359375
2024-04-12,727.223388671875,2124.118408203125,1368.26123046875,1449.6680908203125
2024-04-15,715.61328125,2087.721923828125,1352.9637451171875,1447.3707275390625
2024-04-16,722.579345703125,2113.17578125,1303.4766845703125,1448.2847900390625
2024-04-18,715.61328125,2107.46630859375,1307.900146484375,1446.876708984375
2024-04-19,733.1361694335938,2123.452392578125,1300.5279541015625,1452.607666015625
2024-04-22,723.9917602539062,2132.872314453125,1320.341064453125,1462.2166748046875
2024-04-23,721.7894287109375,2153.092529296875,1329.23388671875,1441.936279296875
2024-04-24,723.7523803710938,2150.7138671875,1318.4979248046875,1432.8953857421875
2024-04-25,723.2975463867188,2122.739013671875,1325.59375,1442.5784912109375
2024-04-26,722.8427734375,2114.935791015625,1318.0372314453125,1435.2420654296875
2024-04-29,732.2744140625,2118.21875,1322.1842041015625,1447.5684814453125
2024-04-30,727.7739868164062,2122.35791015625,1309.098388671875,1449.5198974609375
2024-05-02,733.591064453125,2118.409423828125,1303.4766845703125,1449.0753173828125
2024-05-03,727.5346069335938,2109.607177734375,1305.1817626953125,1416.9130859375
2024-05-06,728.994873046875,2146.85986328125,1314.028564453125,1402.610595703125
2024-05-07,721.09521484375,2264.08935546875,1327.8974609375,1384.775634765625
2024-05-08,709.84423828125,2227.59814453125,1315.318603515625,1401.6470947265625
2024-05-09,693.0155029296875,2212.9443359375,1326.6075439453125,1377.51318359375
2024-05-10,697.8200073242188,2248.056396484375,1313.10693359375,1390.65478515625
2024-05-13,706.2400512695312,2246.248291015625,1311.7706298828125,1385.986083984375
2024-05-14,709.0062866210938,2235.733642578125,1312.9224853515625,1403.1539306640625
2024-05-15,698.1111450195312,2210.708251953125,1308.545166015625,1399.3994140625
2024-05-16,708.6665649414062,2229.596435546875,1339.3248291015625,1408.3660888671875
2024-05-17,710.5349731445312,2207.901611328125,1330.98486328125,1418.5927734375
2024-05-21,707.962890625,2198.71875,1321.6312255859375,1419.0126953125
2024-05-22,708.156982421875,2252.1953125,1340.6611328125,1443.2454833984375
2024-05-23,724.3661499023438,2267.03955078125,1356.8802490234375,1468.343017578125
2024-05-24,736.3046875,2254.2412109375,1350.15283203125,1462.6119384765625
2024-05-27,741.400390625,2268.9423828125,1355.9124755859375,1448.77880859375
2024-05-28,742.75927734375,2279.83740234375,1351.949951171875,1438.8486328125
2024-05-29,731.9855346679688,2258.38037109375,1337.1131591796875,1423.607421875
2024-05-30,735.1642456054688,2237.4462890625,1315.4569091796875,1407.8720703125
2024-05-31,743.2688598632812,2216.1796875,1322.459716796875,1413.35595703125
2024-06-03,762.9964599609375,2241.72802734375,1321.519775390625,1492.32861328125
2024-06-04,719.7800903320312,2375.32470703125,1310.005126953125,1380.625732421875
2024-06-05,753.0963134765625,2476.615478515625,1344.2672119140625,1403.821044921875
2024-06-06,756.93017578125,2426.04150390625,1383.8875732421875,1414.5416259765625
2024-06-07,763.5545654296875,2452.875,1441.5552978515625,1452.4345703125
2024-06-10,757.7067260742188,2441.0283203125,1409.7369384765625,1453.867431640625
2024-06-11,759.4052734375,2432.46435546875,1405.97705078125,1439.3179931640625
2024-06-12,763.94287109375,2406.154296875,1396.060302734375,1445.8885498046875
2024-06-13,767.1458129882812,2366.85546875,1404.28515625,1447.790771484375
2024-06-14,774.9835815429688,2382.56494140625,1399.5382080078125,1459.9442138671875
2024-06-18,780.2733764648438,2388.81005859375,1408.2799072265625,1463.3778076171875
2024-06-19,804.5628051757812,2360.70654296875,1420.640625,1441.26953125
2024-06-20,810.143798828125,2384.9189453125,1424.4476318359375,1456.139892578125
2024-06-21,808.396728515625,2345.621826171875,1440.7093505859375,1436.8724365234375
2024-06-24,811.6240234375,2346.486572265625,1435.4925537109375,1424.298828125
2024-06-25,830.5266723632812,2336.87841796875,1449.4041748046875,1436.822998046875
2024-06-26,825.7463989257812,2349.75341796875,1448.2291259765625,1495.9844970703125
2024-06-27,823.1500244140625,2365.654541015625,1478.9195556640625,1512.312744140625
2024-06-28,817.156494140625,2376.127685546875,1472.7158203125,1546.7474365234375
2024-07-01,827.5420532226562,2406.921630859375,1495.3223876953125,1541.5599365234375
2024-07-02,839.8687744140625,2387.75341796875,1523.756591796875,1546.5250244140625
2024-07-03,858.3346557617188,2411.9658203125,1529.7257080078125,1533.927001953125
2024-07-04,838.1945190429688,2398.1298828125,1551.5802001953125,1535.5079345703125
2024-07-05,799.8310546875,2447.17919921875,1548.5723876953125,1569.6956787109375
2024-07-08,793.6434936523438,2485.755615234375,1561.920166015625,1581.824462890625
2024-07-09,794.2015380859375,2488.637939453125,1557.6900634765625,1571.3260498046875
2024-07-10,789.1544799804688,2508.142578125,1549.32421875,1565.3480224609375
2024-07-11,787.1161499023438,2506.60546875,1553.5069580078125,1561.815673828125
2024-07-12,787.50439453125,2519.480224609375,1609.0130615234375,1577.6990966796875
2024-07-15,787.2131958007812,2517.6064453125,1604.59521484375,1578.1932373046875
2024-07-16,786.07275390625,2583.085693359375,1622.454833984375,1557.468017578125
2024-07-18,783.6705322265625,2631.078125,1652.5341796875,1567.76904296875
2024-07-19,780.0307006835938,2620.124755859375,1685.339599609375,1536.61962890625
2024-07-22,797.1376953125,2628.099609375,1702.165283203125,1482.7935791015625
2024-07-23,785.4176025390625,2657.932861328125,1726.6517333984375,1470.1707763671875
2024-07-24,778.4534912109375,2610.564697265625,1723.878662109375,1477.8778076171875
2024-07-25,784.5440673828125,2601.1005859375,1715.3248291015625,1474.6171875
2024-07-26,785.2962646484375,2604.800048828125,1766.1309814453125,1491.044189453125
2024-07-29,778.9387817382812,2605.328369140625,1758.799072265625,1501.987060546875
2024-07-30,784.0344848632812,2585.919921875,1764.4859619140625,1495.1199951171875
2024-07-31,784.1315307617188,2599.611572265625,1756.1202392578125,1487.487060546875
2024-08-01,795.3178100585938,2609.12353515625,1741.4095458984375,1497.244384765625
2024-08-02,805.1937255859375,2587.024658203125,1711.8939208984375,1481.4595947265625
2024-08-05,784.1315307617188,2609.459716796875,1646.7532958984375,1430.079345703125
2024-08-06,777.0703125,2642.271484375,1646.0013427734375,1438.7003173828125
2024-08-07,787.8926391601562,2636.506591796875,1684.1175537109375,1447.3707275390625
2024-08-08,797.21044921875,2626.081787109375,1638.528564453125,1431.8577880859375
2024-08-09,800.8502197265625,2639.533447265625,1664.4720458984375,1456.7330322265625
2024-08-12,805.65478515625,2640.974365234375,1689.5223388671875,1443.220703125
2024-08-13,778.0409545898438,2633.96044921875,1689.5694580078125,1446.1851806640625
2024-08-14,780.2733764648438,2615.368896484375,1713.821044921875,1444.43115234375
2024-08-16,792.0662841796875,2640.5419921875,1747.3782958984375,1460.58642578125
2024-08-19,791.7993774414062,2635.065185546875,1752.8773193359375,1475.65625
2024-08-20,794.783935546875,2643.232177734375,1759.8330078125,1483.1416015625
2024-08-21,789.0089111328125,2681.808349609375,1760.302978515625,1485.8433837890625
2024-08-22,791.6781005859375,2683.34619140625,1767.3997802734375,1485.2979736328125
2024-08-23,788.6448974609375,2705.252685546875,1750.3392333984375,1487.1322021484375
2024-08-26,795.8758544921875,2710.5849609375,1763.5460205078125,1499.649169921875
2024-08-27,794.8082275390625,2658.4609375,1786.0584716796875,1487.6031494140625
2024-08-28,794.49267578125,2656.01123046875,1822.7177734375,1485.4716796875
2024-08-29,795.1964721679688,2676.091796875,1817.3128662109375,1507.90283203125
2024-08-30,794.3956909179688,2669.126220703125,1827.0416259765625,1496.6995849609375
2024-09-02,789.56689453125,2679.7431640625,1846.5933837890625,1503.2679443359375
2024-09-03,794.6140747070312,2684.787109375,1824.7388916015625,1496.203857421875
2024-09-04,796.773681640625,2729.897216796875,1807.0670166015625,1501.5823974609375
2024-09-05,798.5450439453125,2727.206787109375,1817.1248779296875,1480.192138671875
2024-09-06,794.419921875,2727.687255859375,1787.7034912109375,1452.2830810546875
2024-09-09,799.0546264648438,2807.290283203125,1780.9356689453125,1449.928466796875
2024-09-10,800.9229736328125,2784.99951171875,1797.5263671875,1449.011474609375
2024-09-11,797.7928466796875,2790.331787109375,1795.50537109375,1439.072265625
2024-09-12,808.8092651367188,2840.534423828125,1833.386474609375,1467.1298828125
2024-09-13,808.4937744140625,2818.00341796875,1827.4176025390625,1460.016357421875
2024-09-16,810.9202880859375,2754.734130859375,1833.198486328125,1458.7523193359375
2024-09-17,809.876953125,2760.883056640625,1835.3604736328125,1459.6942138671875
2024-09-18,822.494873046875,2763.141357421875,1778.585693359375,1450.9197998046875
2024-09-19,829.1435546875,2797.63427734375,1780.512451171875,1457.0916748046875
2024-09-20,845.0130004882812,2860.903564453125,1791.3695068359375,1473.2025146484375
2024-09-23,854.0397338867188,2909.85693359375,1782.6275634765625,1480.5887451171875
2024-09-24,858.0435180664062,2834.91357421875,1784.6485595703125,1476.6229248046875
2024-09-25,863.4060668945312,2833.376220703125,1781.546630859375,1481.15869140625
2024-09-26,865.5171508789062,2869.070556640625,1786.199462890625,1485.12451171875
2024-09-27,850.5697631835938,2849.998291015625,1792.3094482421875,1513.10791015625
2024-09-30,840.572509765625,2842.360107421875,1763.0289306640625,1463.9324951171875
2024-10-01,837.7334594726562,2809.1640625,1790.053466796875,1452.2830810546875
2024-10-03,816.282958984375,2779.955322265625,1779.7606201171875,1394.928466796875
2024-10-04,804.4657592773438,2737.103271484375,1803.025146484375,1374.653564453125
2024-10-07,785.12646484375,2722.35498046875,1818.2059326171875,1358.98876953125
2024-10-08,801.2627563476562,2708.327392578125,1831.6007080078125,1385.3857421875
2024-10-09,792.5758666992188,2660.430908203125,1835.5484619140625,1362.8306884765625
2024-10-10,806.7709350585938,2646.7392578125,1803.82421875,1359.31103515625
2024-10-11,801.238525390625,2674.1220703125,1818.957763671875,1360.35205078125
2024-10-14,819.2432861328125,2679.791015625,1841.32958984375,1360.7734375
2024-10-15,817.3020629882812,2672.44091796875,1841.70556640625,1332.5174560546875
2024-10-16,824.92138671875,2672.248779296875,1804.858154296875,1342.4814453125
2024-10-17,811.9879760742188,2631.31787109375,1849.9771728515625,1344.811279296875
2024-10-18,816.2101440429688,2610.613037109375,1766.788818359375,1347.66162109375
2024-10-21,838.9466552734375,2587.98583984375,1741.5504150390625,1357.4769287109375
2024-10-22,832.0796508789062,2576.60009765625,1740.4693603515625,1331.84814453125
2024-10-23,842.3923950195312,2555.078369140625,1760.9609375,1327.064453125
2024-10-24,849.1138305664062,2406.921630859375,1751.5142822265625,1328.3287353515625
2024-10-25,846.0806884765625,2428.971923828125,1750.292236328125,1316.4808349609375
2024-10-28,841.6158447265625,2474.8505859375,1753.394287109375,1322.9251708984375
2024-10-29,850.1815185546875,2447.8037109375,1748.59326171875,1328.52685546875
2024-10-30,841.8099975585938,2454.81787109375,1713.2276611328125,1332.3935546875
2024-10-31,842.3438110351562,2429.1640625,1670.589599609375,1320.64501953125
2024-11-01,843.120361328125,2438.0517578125,1674.011962890625,1327.1884765625
2024-11-04,831.8612060546875,2425.849365234375,1676.674072265625,1291.0009765625
2024-11-05,853.0933227539062,2422.53466796875,1667.68994140625,1294.1240234375
2024-11-06,851.8316040039062,2430.650634765625,1733.762451171875,1314.0023193359375
2024-11-07,847.6094360351562,2406.156494140625,1714.1309814453125,1294.4710693359375
2024-11-08,851.4432983398438,2437.45458984375,1739.704345703125,1272.7584228515625
2024-11-11,857.1942138671875,2421.27099609375,1768.367431640625,1261.802978515625
2024-11-12,833.8509521484375,2392.548583984375,1776.638427734375,1263.33984375
2024-11-13,815.967529296875,2395.902099609375,1776.2581787109375,1241.3299560546875
2024-11-14,821.5,2322.27392578125,1772.5980224609375,1256.746826171875
2024-11-18,827.4934692382812,2355.030029296875,1722.1165771484375,1249.9554443359375
2024-11-19,845.5225830078125,2342.83154296875,1734.7607421875,1231.0189208984375
2024-11-21,845.0130004882812,2316.05322265625,1743.6021728515625,1212.5286865234375
2024-11-22,847.1483764648438,2376.754150390625,1808.4388427734375,1254.5655517578125
2024-11-25,866.560546875,2402.219970703125,1796.507568359375,1275.9805908203125
2024-11-26,866.5363159179688,2409.7529296875,1829.2587890625,1284.606201171875
2024-11-27,879.5182495117188,2417.237060546875,1829.591552734375,1282.1275634765625
2024-11-28,870.224609375,2393.22900390625,1765.087646484375,1259.91943359375
2024-11-29,871.632080078125,2426.22802734375,1766.2283935546875,1281.1361083984375
2024-12-02,875.8298950195312,2409.704345703125,1787.095947265625,1297.941162109375
2024-12-03,886.3125610351562,2413.30078125,1798.789306640625,1311.9698486328125
2024-12-04,902.7157592773438,2395.464599609375,1796.0799560546875,1297.74267578125
2024-12-05,905.4577026367188,2424.7216796875,1839.4310302734375,1310.7305908203125
2024-12-06,900.6531982421875,2414.22412109375,1827.5950927734375,1300.3204345703125
2024-12-09,907.520263671875,2333.50048828125,1828.783447265625,1284.0609130859375
2024-12-10,906.59814453125,2330.196044921875,1852.45556640625,1273.8489990234375
2024-12-11,904.1716918945312,2334.083740234375,1876.79296875,1267.2559814453125
2024-12-12,902.30322265625,2279.263427734375,1889.00927734375,1252.0870361328125
2024-12-13,908.3695678710938,2323.149169921875,1901.0830078125,1261.951904296875
2024-12-16,905.1907958984375,2299.86962890625,1882.402099609375,1257.44091796875
2024-12-17,889.6853637695312,2297.05078125,1879.1220703125,1234.6376953125
2024-12-18,878.74169921875,2293.114501953125,1881.54638671875,1242.5196533203125
2024-12-19,870.3944702148438,2293.74609375,1850.2213134765625,1219.914794921875
2024-12-20,859.7177734375,2268.52294921875,1827.3575439453125,1194.980224609375
2024-12-23,874.0343017578125,2273.3828125,1829.4013671875,1211.834716796875
2024-12-24,872.6268310546875,2270.126953125,1814.9034423828125,1212.28076171875
2024-12-26,869.0598754882812,2267.4052734375,1813.3348388671875,1206.1339111328125
2024-12-27,872.6996459960938,2275.667236328125,1822.2237548828125,1210.595458984375
2024-12-30,862.82373046875,2277.85400390625,1812.00390625,1200.333984375
2024-12-31,860.3729248046875,2261.670654296875,1787.2860107421875,1205.043212890625
2025-01-01,865.1774291992188,2257.0537109375,1789.6627197265625,1210.7935791015625
2025-01-02,870.5158081054688,2303.61181640625,1861.296875,1231.167724609375
2025-01-03,848.8954467773438,2338.84619140625,1843.1387939453125,1240.437744140625
2025-01-06,830.1141357421875,2309.63818359375,1842.283203125,1207.5714111328125
2025-01-07,831.5215454101562,2323.829345703125,1835.6282958984375,1230.2257080078125
2025-01-08,822.252197265625,2333.74365234375,1837.81494140625,1254.664794921875
2025-01-09,809.3916625976562,2367.179931640625,1822.7467041015625,1244.0067138671875
2025-01-10,804.0289916992188,2373.6435546875,1869.9478759765625,1231.266845703125
2025-01-13,791.4596557617188,2382.343017578125,1865.4322509765625,1229.234375
2025-01-14,799.1030883789062,2301.619384765625,1844.374755859375,1228.143798828125
2025-01-15,797.3803100585938,2306.52783203125,1853.501220703125,1241.478515625
2025-01-16,801.7481079101562,2279.31201171875,1833.3466796875,1255.6065673828125
2025-01-17,794.3228759765625,2288.06005859375,1725.9193115234375,1291.19921875
2025-01-20,801.3598022460938,2279.506591796875,1723.87548828125,1294.272705078125
2025-01-21,797.0648803710938,2274.938232421875,1711.896728515625,1262.7945556640625
2025-01-22,808.5423583984375,2277.3193359375,1764.8974609375,1266.1654052734375
2025-01-23,807.9842529296875,2256.66455078125,1773.45361328125,1252.83056640625
2025-01-24,800.6561279296875,2301.764892578125,1782.96044921875,1235.6292724609375
2025-01-27,790.9500732421875,2325.82177734375,1732.1463623046875,1218.82421875
2025-01-28,810.6534423828125,2321.93408203125,1739.5142822265625,1223.8311767578125
2025-01-29,814.0020141601562,2317.171142578125,1788.474365234375,1224.921630859375
2025-01-30,820.8933715820312,2341.2763671875,1768.224853515625,1242.3214111328125
2025-01-31,824.4118041992188,2399.644287109375,1787.095947265625,1254.2681884765625
2025-02-01,820.6264038085938,2435.850830078125,1760.0489501953125,1253.7724609375
2025-02-03,814.3417358398438,2373.546142578125,1771.40966796875,1235.232666015625
2025-02-04,835.1613159179688,2369.755859375,1805.158935546875,1274.196044921875
2025-02-05,843.363037109375,2324.072265625,1803.4952392578125,1267.2559814453125
2025-02-06,846.299072265625,2306.236083984375,1821.1781005859375,1270.577392578125
2025-02-07,840.9122314453125,2297.63427734375,1809.769775390625,1255.8544921875
2025-02-10,832.6619873046875,2295.30126953125,1787.5712890625,1242.916259765625
2025-02-11,825.6978759765625,2250.395263671875,1783.1507568359375,1224.2772216796875
2025-02-12,828.3185424804688,2267.162109375,1771.26708984375,1206.1339111328125
2025-02-13,823.9022216796875,2256.470458984375,1752.3485107421875,1205.687744140625
2025-02-14,822.5191040039062,2253.40869140625,1764.849853515625,1206.827880859375
2025-02-17,833.4384765625,2264.14892578125,1751.4453125,1214.412353515625
2025-02-18,836.2047119140625,2231.684814453125,1760.619384765625,1214.908203125
2025-02-19,838.2186889648438,2187.362060546875,1721.498779296875,1216.9405517578125
2025-02-20,818.7579956054688,2185.077880859375,1735.14111328125,1222.4429931640625
2025-02-21,821.3786010742188,2178.85693359375,1725.49169921875,1217.634521484375
2025-02-24,813.9049682617188,2178.662841796875,1677.1016845703125,1204.1510009765625
2025-02-25,816.4527587890625,2196.0126953125,1680.524169921875,1193.6912841796875
2025-02-27,825.3580932617188,2182.064697265625,1677.2918701171875,1196.7647705078125
2025-02-28,840.7423095703125,2128.896728515625,1604.469482421875,1189.82470703125
2025-03-03,825.7706909179688,2115.87255859375,1624.3387451171875,1161.2216796875
2025-03-04,829.8715209960938,2096.918701171875,1605.0399169921875,1151.9517822265625
2025-03-05,820.1654052734375,2109.6513671875,1627.0958251953125,1165.5345458984375
2025-03-06,820.7477416992188,2156.79296875,1631.231201171875,1199.243408203125
2025-03-07,819.8014526367188,2142.796630859375,1602.853271484375,1239.0992431640625
2025-03-10,818.9521484375,2184.7861328125,1617.5413818359375,1227.7967529296875
2025-03-11,817.9815063476562,2154.84912109375,1579.6566162109375,1236.62060546875
2025-03-12,830.4296264648438,2131.47265625,1512.3958740234375,1246.287109375
2025-03-13,828.221435546875,2113.8798828125,1501.9381103515625,1237.215576171875
2025-03-17,830.065673828125,2110.42919921875,1511.63525390625,1228.2427978515625
2025-03-18,830.065673828125,2110.42919921875,1511.63525390625,1228.2427978515625
2025-03-19,846.42041015625,2138.422607421875,1508.307861328125,1236.471923828125
2025-03-20,858.3831787109375,2179.586181640625,1535.877685546875,1258.2835693359375
2025-03-21,859.15966796875,2183.27978515625,1514.011962890625,1265.4217529296875
2025-03-24,873.5489501953125,2192.99951171875,1514.2021484375,1290.9512939453125
2025-03-25,883.958740234375,2207.6767578125,1548.1414794921875,1274.4439697265625
2025-03-26,876.7277221679688,2183.03662109375,1520.571533203125,1262.150146484375
2025-03-27,885.8514404296875,2181.773193359375,1524.469482421875,1267.2559814453125
2025-03-28,887.2344970703125,2195.5751953125,1493.1920166015625,1264.1824951171875
2025-04-01,857.9463500976562,2171.27587890625,1451.21923828125,1241.8751220703125
2025-04-02,872.0444946289062,2175.2119140625,1473.7030029296875,1240.437744140625
2025-04-03,871.0496826171875,2181.676025390625,1422.69873046875,1238.0086669921875
2025-04-04,881.9447631835938,2181.676025390625,1380.0606689453125,1194.38525390625
2025-04-07,853.0205078125,2186.389892578125,1327.8680419921875,1155.7191162109375
2025-04-08,858.5773315429688,2225.123779296875,1358.3375244140625,1172.0780029296875
2025-04-09,856.5632934570312,2284.172119140625,1334.47509765625,1175.2010498046875
2025-04-11,876.8247680664062,2299.86962890625,1339.941650390625,1208.5133056640625
2025-04-15,905.0452270507812,2295.35009765625,1355.675537109375,1229.4822998046875
2025-04-16,911.4027099609375,2300.30712890625,1343.41162109375,1228.689208984375
2025-04-17,925.3309326171875,2308.4716796875,1349.49609375,1263.5877685546875
2025-04-21,935.2311401367188,2285.143798828125,1379.442626953125,1284.4078369140625
2025-04-22,952.0227661132812,2331.508056640625,1352.63330078125,1280.144775390625
2025-04-23,933.67822265625,2355.90478515625,1402.1639404296875,1288.869384765625
2025-04-24,930.2325439453125,2260.1640625,1398.8365478515625,1290.4556884765625
2025-04-25,927.5148315429688,2266.870849609375,1407.2025146484375,1289.2659912109375
2025-04-28,931.882568359375,2253.651611328125,1409.0087890625,1357.0804443359375
2025-04-29,926.35009765625,2256.66455078125,1423.6494140625,1387.7156982421875
2025-04-30,934.2120361328125,2276.49365234375,1426.1212158203125,1392.9703369140625
2025-05-02,932.7075805664062,2253.651611328125,1432.5858154296875,1407.6436767578125
2025-05-05,939.9386596679688,2282.8115234375,1434.2020263671875,1419.0452880859375
2025-05-06,937.4635620117188,2315.081298828125,1436.958984375,1408.7342529296875
2025-05-07,944.2093505859375,2304.389404296875,1433.916748046875,1393.9617919921875
2025-05-08,935.91064453125,2288.9345703125,1436.8638916015625,1394.9532470703125
2025-05-09,917.0807495117188,2267.551025390625,1433.2513427734375,1365.4083251953125
2025-05-12,949.8388671875,2315.761962890625,1546.66796875,1424.2005615234375
2025-05-13,933.0473022460938,2293.89208984375,1491.2430419921875,1403.57861328125
2025-05-14,927.2236938476562,2284.658203125,1513.869384765625,1412.204345703125
2025-05-15,938.4827270507812,2289.226318359375,1533.4534912109375,1441.7491455078125
2025-05-16,938.9194946289062,2314.692626953125,1511.49267578125,1443.9302978515625
2025-05-19,940.8607177734375,2315.9560546875,1482.8770751953125,1428.4638671875
2025-05-20,929.3104858398438,2275.521240234375,1483.637451171875,1412.4024658203125
2025-05-21,935.0856323242188,2297.6826171875,1491.14794921875,1416.9630126953125
2025-05-22,931.7369995117188,2265.412841796875,1471.18359375,1397.332763671875
2025-05-23,938.3856811523438,2293.114501953125,1487.63037109375,1414.5838623046875
2025-05-26,941.5886840820312,2327.036865234375,1502.55615234375,1422.5152587890625
2025-05-27,934.8429565429688,2313.5263671875,1492.6690673828125,1409.9239501953125
2025-05-28,933.4840698242188,2295.835693359375,1494.2852783203125,1400.8028564453125
2025-05-29,935.42529296875,2300.404296875,1507.4046630859375,1405.660888671875
2025-05-30,943.86962890625,2282.519775390625,1506.5369873046875,1408.7342529296875
2025-06-02,937.65771484375,2305.167236328125,1497.9569091796875,1401.5958251953125
2025-06-03,934.0179443359375,2286.40771484375,1487.5450439453125,1393.466064453125
2025-06-04,942.073974609375,2298.265869140625,1495.4503173828125,1411.3118896484375
2025-06-05,946.1505126953125,2309.832763671875,1498.43896484375,1430.0501708984375
2025-06-06,960.27294921875,2322.857177734375,1507.5975341796875,1431.140625
2025-06-09,960.3699951171875,2326.162109375,1516.3704833984375,1436.3953857421875
2025-06-10,953.7698974609375,2328.105712890625,1538.6402587890625,1426.1834716796875
2025-06-11,946.538818359375,2309.832763671875,1572.478759765625,1436.4945068359375
2025-06-12,943.1417236328125,2267.3564453125,1550.787353515625,1429.2569580078125
2025-06-13,930.6207885742188,2254.040283203125,1544.424560546875,1415.67431640625
2025-06-16,939.2592163085938,2262.205078125,1565.441162109375,1425.489501953125
2025-06-17,936.4444580078125,2263.37158203125,1580.9625244140625,1418.9459228515625
2025-06-18,938.5313110351562,2232.9482421875,1574.214111328125,1417.85546875
2025-06-19,939.210693359375,2229.93505859375,1560.2352294921875,1421.028076171875
2025-06-20,953.4786987304688,2241.59912109375,1564.573486328125,1453.6463623046875
2025-06-23,945.5681762695312,2234.62548828125,1527.071533203125,1444.326904296875
2025-06-24,951.634521484375,2222.839111328125,1524.7576904296875,1438.378173828125
2025-06-25,961.0009155273438,2238.1611328125,1556.8609619140625,1454.737060546875
2025-06-26,981.1896362304688,2240.22412109375,1557.92138671875,1482.4971923828125
2025-06-27,988.5983276367188,2265.859375,1550.208984375,1502.425048828125
2025-06-30,982.023681640625,2253.7783203125,1544.2318115234375,1487.7518310546875
2025-07-01,987.2244873046875,2254.662353515625,1549.05224609375,1515.3138427734375
2025-07-02,974.418701171875,2266.05615234375,1552.619140625,1505.796142578125
2025-07-03,974.9583740234375,2272.243896484375,1560.5244140625,1504.8045654296875
2025-07-04,976.037841796875,2297.683349609375,1581.733642578125,1514.223388671875
2025-07-07,975.1055908203125,2367.51806640625,1568.5262451171875,1528.3016357421875
2025-07-08,981.974609375,2350.133056640625,1579.8055419921875,1524.43505859375
2025-07-09,986.7828979492188,2380.286865234375,1574.9853515625,1505.9942626953125
2025-07-10,984.3296508789062,2365.5537109375,1557.728759765625,1504.209716796875
2025-07-11,973.2901611328125,2474.77587890625,1537.5797119140625,1482.3980712890625
2025-07-14,972.94677734375,2471.828857421875,1513.8638916015625,1470.9964599609375
2025-07-15,979.079833984375,2481.94580078125,1528.614013671875,1472.6820068359375
2025-07-16,979.4723510742188,2472.811279296875,1550.1126708984375,1472.8802490234375
2025-07-17,974.8602905273438,2465.14990234375,1526.589599609375,1463.759033203125
2025-07-18,960.3862915039062,2445.309326171875,1529.095947265625,1463.3624267578125
2025-07-21,981.5330200195312,2421.048828125,1527.36083984375,1416.3682861328125
2025-07-22,984.771240234375,2435.585205078125,1514.4423828125,1400.70361328125
2025-07-23,993.2103881835938,2406.806640625,1517.9129638671875,1412.4024658203125
2025-07-24,988.2548217773438,2394.430908203125,1496.70361328125,1390.8883056640625
2025-07-25,985.9922485351562,2372.42919921875,1461.2261962890625,1379.7841796875
2025-07-28,987.9105224609375,2398.163330078125,1461.515380859375,1375.7193603515625
2025-07-29,994.3539428710938,2409.949951171875,1459.2979736328125,1404.966796875
2025-07-30,996.4197998046875,2394.037841796875,1464.40771484375,1398.0267333984375
2025-07-31,992.6815795898438,2476.34716796875,1454.76708984375,1378.2969970703125
2025-08-01,989.7304077148438,2508.268798828125,1416.782958984375,1381.76708984375
2025-08-04,979.7947387695312,2498.44677734375,1427.291259765625,1399.4146728515625
2025-08-05,972.7118530273438,2489.60693359375,1407.8172607421875,1379.7841796875
2025-08-06,976.499267578125,2490.4912109375,1385.0654296875,1380.8748779296875
2025-08-07,981.4671020507812,2472.712890625,1385.2581787109375,1377.50390625
2025-08-08,970.8920288085938,2454.1494140625,1371.9542236328125,1356.0888671875
2025-08-11,981.5654296875,2473.596923828125,1376.870849609375,1374.331298828125
2025-08-12,968.924560546875,2439.612548828125,1372.9183349609375,1368.5810546875
2025-08-13,974.0399169921875,2450.71142578125,1375.3284912109375,1370.7620849609375
2025-08-14,979.35205078125,2436.469482421875,1395.6700439453125,1367.4774169921875
2025-08-18,985.5003662109375,2522.412841796875,1384.19775390625,1375.3409423828125
2025-08-19,979.35205078125,2558.4599609375,1388.2469482421875,1413.564208984375
2025-08-20,977.9256591796875,2622.303466796875,1442.427001953125,1406.4969482421875
2025-08-21,979.4012451171875,2600.891357421875,1442.619873046875,1418.24267578125
2025-08-22,966.317626953125,2583.11328125,1434.0396728515625,1402.71435546875
2025-08-25,966.0717163085938,2584.782958984375,1477.0367431640625,1406.0987548828125
2025-08-26,957.5625,2644.697998046875,1474.6265869140625,1378.5262451171875
2025-08-28,942.2162475585938,2607.17724609375,1446.1868896484375,1379.521728515625
2025-08-29,936.1171264648438,2612.4814453125,1416.782958984375,1350.9537353515625
2025-09-01,935.1333618164062,2602.364501953125,1445.5120849609375,1347.6689453125
2025-09-02,929.1326904296875,2629.37548828125,1444.837158203125,1360.2109375
2025-09-03,938.9207763671875,2617.294189453125,1425.9415283203125,1366.2828369140625
2025-09-04,945.610107421875,2619.16064453125,1410.4202880859375,1353.0440673828125
2025-09-05,947.7251586914062,2586.551025390625,1392.681396484375,1368.671875
2025-09-08,950.2828369140625,2577.219970703125,1381.402099609375,1372.15576171875
2025-09-09,949.4467163085938,2594.998291015625,1450.2359619140625,1369.8662109375
2025-09-10,950.1845092773438,2596.471435546875,1477.518798828125,1370.66259765625
2025-09-11,952.0535278320312,2575.353759765625,1455.4417724609375,1376.9337158203125
2025-09-12,951.5617065429688,2534.59228515625,1470.7703857421875,1388.579833984375
2025-09-15,951.3157348632812,2535.083251953125,1454.1885986328125,1392.8599853515625
2025-09-16,951.1190185546875,2534.985107421875,1456.9844970703125,1398.8323974609375
2025-09-17,950.7747192382812,2523.984130859375,1467.685546875,1407.2933349609375
2025-09-18,961.0055541992188,2540.780029296875,1485.2313232421875,1408.4876708984375
2025-09-19,951.168212890625,2514.064208984375,1484.845703125,1400.9227294921875
2025-09-22,948.5121459960938,2526.439697265625,1445.6083984375,1384.199951171875
2025-09-23,941.6260375976562,2477.3291015625,1443.6802978515625,1383.40380859375
2025-09-24,935.5761108398438,2504.143798828125,1440.884521484375,1376.635009765625
2025-09-25,934.3955688476562,2493.142822265625,1431.436767578125,1366.0838623046875
2025-09-26,929.6737060546875,2467.1142578125,1396.8270263671875,1371.2598876953125
2025-09-29,934.8382568359375,2453.461669921875,1389.982177734375,1366.48193359375
2025-09-30,935.5269165039062,2469.66796875,1389.982177734375,1357.722412109375
2025-10-01,949.5450439453125,2491.080322265625,1393.83837890625,1362.4007568359375
2025-10-03,949.4467163085938,2499.625244140625,1394.609619140625,1357.125244140625
2025-10-06,957.6116333007812,2496.58056640625,1422.9530029296875,1368.671875
2025-10-07,966.514404296875,2472.418212890625,1406.0819091796875,1378.4267578125
2025-10-08,962.7762451171875,2455.62255859375,1441.2701416015625,1361.1068115234375
2025-10-09,961.2022094726562,2472.811279296875,1455.0562744140625,1371.458984375
2025-10-10,964.9404296875,2483.909912109375,1460.4549560546875,1375.3409423828125
2025-10-13,961.1038818359375,2448.452392578125,1439.5347900390625,1368.671875
2025-10-14,961.25146484375,2457.783447265625,1436.353515625,1369.5677490234375
2025-10-15,962.3335571289062,2474.186279296875,1421.41064453125,1367.97509765625
2025-10-16,978.1715698242188,2515.93017578125,1418.61474609375,1391.8646240234375
2025-10-17,986.2381591796875,2557.37939453125,1389.307373046875,1410.279541015625
2025-10-20,986.6316528320312,2548.244873046875,1408.395751953125,1460.04931640625
2025-10-21,991.3043823242188,2545.5927734375,1419.482421875,1458.4566650390625
2025-10-23,992.386474609375,2555.31689453125,1473.566162109375,1441.7340087890625
2025-10-24,978.5650634765625,2471.632568359375,1470.57763671875,1444.9193115234375
2025-10-27,986.6316528320312,2467.1142578125,1472.633056640625,1477.2696533203125
2025-10-28,987.2218627929688,2452.676025390625,1468.4241943359375,1480.056884765625
2025-10-29,991.451904296875,2443.836181640625,1478.408203125,1497.277099609375
2025-10-30,981.9097900390625,2425.665283203125,1462.1597900390625,1481.6494140625
2025-10-31,971.2362670898438,2421.63818359375,1450.9034423828125,1479.5592041015625
2025-11-03,976.499267578125,2416.23583984375,1454.0355224609375,1477.866943359375
2025-11-04,969.2196655273438,2402.1904296875,1436.808349609375,1466.3203125
2025-11-06,968.6294555664062,2392.662841796875,1435.6336669921875,1489.2144775390625
2025-11-07,966.317626953125,2389.693115234375,1445.5198974609375,1471.19775390625
2025-11-10,968.4818725585938,2384.54541015625,1481.4425048828125,1482.44580078125
2025-11-11,975.564697265625,2403.05712890625,1497.88671875,1486.5269775390625
2025-11-12,973.4005126953125,2400.08740234375,1518.8333740234375,1504.5435791015625
2025-11-13,970.596923828125,2383.357666015625,1509.14306640625,1503.9464111328125
2025-11-14,973.4988403320312,2403.255126953125,1470.9691162109375,1511.9095458984375
2025-11-17,980.3357543945312,2400.582275390625,1475.66748046875,1511.3123779296875
2025-11-18,976.302490234375,2379.793701171875,1454.91650390625,1512.4072265625
2025-11-19,978.41748046875,2417.015380859375,1508.4578857421875,1511.9095458984375
2025-11-20,992.4356689453125,2403.947998046875,1503.955322265625,1541.9705810546875
2025-11-21,981.8114013671875,2409.19482421875,1512.2752685546875,1539.4820556640625
2025-11-24,982.8934936523438,2399.790283203125,1515.2117919921875,1528.831298828125
2025-11-25,973.6956176757812,2389.792236328125,1498.1802978515625,1532.61376953125
2025-11-26,987.5662231445312,2400.7802734375,1524.902099609375,1562.6748046875
2025-11-27,993.0750732421875,2427.013427734375,1533.2220458984375,1556.2047119140625
2025-11-28,991.2059936523438,2441.763671875,1527.055419921875,1560.285888671875
2025-12-01,985.7954711914062,2439.6845703125,1530.872802734375,1558.892333984375
2025-12-02,973.6956176757812,2452.850830078125,1527.9364013671875,1539.1834716796875
2025-12-03,984.2214965820312,2423.350830078125,1545.261474609375,1531.718017578125
2025-12-04,980.9752197265625,2437.40771484375,1563.7611083984375,1528.53271484375
2025-12-05,986.9759521484375,2315.052490234375,1581.9671630859375,1533.5096435546875
2025-12-08,986.7791748046875,2290.699951171875,1576.681640625,1535.898681640625
2025-12-09,980.8768310546875,2283.275634765625,1565.1314697265625,1522.3612060546875
2025-12-10,973.6956176757812,2278.52392578125,1551.2322998046875,1529.8267822265625
2025-12-11,984.0247802734375,2282.384765625,1564.1527099609375,1537.889404296875
2025-12-12,985.2052612304688,2237.837890625,1564.348388671875,1549.3365478515625
2025-12-15,979.89306640625,2270.406494140625,1572.766357421875,1549.037841796875
2025-12-16,978.1223754882812,2258.13134765625,1559.1607666015625,1535.201904296875
2025-12-17,967.989990234375,2252.686767578125,1568.0679931640625,1537.292236328125
2025-12-18,963.7599487304688,2242.6884765625,1592.3427734375,1537.292236328125
2025-12-19,969.465576171875,2257.04248046875,1603.9906005859375,1557.8968505859375
2025-12-22,971.6298217773438,2266.44677734375,1653.8125,1568.1495361328125
2025-12-23,980.3849487304688,2279.414794921875,1632.9637451171875,1563.4710693359375
2025-12-24,980.9752197265625,2259.22021484375,1628.16748046875,1551.0286865234375
2025-12-26,975.9581909179688,2262.387939453125,1621.0220947265625,1552.0240478515625
2025-12-29,975.564697265625,2270.20849609375,1609.863525390625,1538.4866943359375
2025-12-30,974.7777709960938,2267.1396484375,1587.2528076171875,1532.71337890625
